ADMISSION_YEAR,SOCIOECONOMICAL_INDEX,SEX,HIGHSCHOOL_TYPE,YEAR_OF_BIRTH,COUNTRY_OF_BIRTH,CITY_OF_BIRTH,ACADEMIC_LEVEL,COURSE_ID,YEAR,SEMESTER,"('mean', 'ICM00166')","('mean', 'ICM00604')","('mean', 'ICM01941')","('mean', 'ICM01958')","('mean', 'ICM01966')","('count', 'ICM00166')","('count', 'ICM00604')","('count', 'ICM01941')","('count', 'ICM01958')","('count', 'ICM01966')"
2000,18,M,Particular,1982,ECUADOR,GUAYAQUIL,TERCER NIVEL (PREGRADO),ICM00604,2000,2S,4.716666666666666,5.55,0.0,0.0,0.0,2.0,3.0,1.0,1.0,1.0
2001,14,M,Particular,1983,ECUADOR,GUAYAQUIL,TERCER NIVEL (PREGRADO),ICM00604,2001,2S,4.1000000000000005,5.966666666666668,0.0,0.0,0.0,2.0,3.0,1.0,1.0,1.0
2002,7,M,Nacional,1985,ECUADOR,GUAYAQUIL,TERCER NIVEL (PREGRADO),ICM00604,2003,3S,5.55,6.15,0.0,0.0,0.0,1.0,1.0,1.0,1.0,1.0
2002,14,M,Particular,1984,ECUADOR,CHONE,TERCER NIVEL (PREGRADO),ICM00604,2003,1S,6.05,5.75,0.0,0.0,0.0,0.0,2.0,1.0,1.0,1.0
2003,8,M,Particular,1985,ECUADOR,GUAYAQUIL,TERCER NIVEL (PREGRADO),ICM00604,2002,3S,6.0,6.1,0.0,0.0,0.0,0.0,2.0,1.0,1.0,1.0
2003,8,M,Nacional,1985,ECUADOR,GUAYAQUIL,TERCER NIVEL (PREGRADO),ICM00604,2003,2S,5.574999999999999,6.0,0.0,0.0,0.0,1.0,1.0,1.0,1.0,1.0
2003,17,M,Particular,1986,ECUADOR,GUAYAQUIL,TERCER NIVEL (PREGRADO),ICM00604,2004,2S,6.225,6.25,0.0,0.0,0.0,1.0,1.0,1.0,1.0,1.0
2003,15,M,Particular,1985,ECUADOR,GUAYAQUIL,TERCER NIVEL (PREGRADO),ICM00604,2003,2S,5.300000000000001,4.75,0.0,0.0,0.0,1.0,2.0,1.0,1.0,1.0
2003,5,F,Nacional,1985,ECUADOR,RIOBAMBA,TERCER NIVEL (PREGRADO),ICM00604,2003,2S,6.95,7.2,0.0,0.0,0.0,0.0,1.0,1.0,1.0,1.0
2003,12,F,Particular,1986,ECUADOR,GUAYAQUIL,TERCER NIVEL (PREGRADO),ICM00604,2003,3S,6.4,6.0,0.0,0.0,0.0,0.0,1.0,1.0,1.0,1.0
2003,24,F,Particular,1984,ECUADOR,AMBATO,TERCER NIVEL (PREGRADO),ICM00604,2007,2S,6.1,0.0,0.0,0.0,6.0,0.0,1.0,1.0,1.0,1.0
2003,3,M,Nacional,1984,ECUADOR,GUAYAQUIL,TERCER NIVEL (PREGRADO),ICM00604,2005,1S,6.15,6.0,8.55,6.1,6.0,1.0,1.0,1.0,1.0,1.0
2003,10,M,Particular,1985,ECUADOR,GUAYAQUIL,TERCER NIVEL (PREGRADO),ICM01941,2005,1S,5.466666666666666,4.283333333333333,6.074999999999999,5.875,4.733333333333333,2.0,3.0,2.0,2.0,3.0
2003,14,F,Particular,1986,ECUADOR,GUAYAQUIL,TERCER NIVEL (PREGRADO),ICM00604,2004,2S,8.05,7.9,0.0,0.0,0.0,0.0,1.0,1.0,1.0,1.0
2003,16,M,Particular,1985,ECUADOR,GUAYAQUIL,TERCER NIVEL (PREGRADO),ICM00604,2004,1S,6.4,2.733333333333333,6.45,5.95,5.699999999999999,0.0,3.0,1.0,2.0,2.0
2003,9,F,Particular,1985,ECUADOR,GUAYAQUIL,TERCER NIVEL (PREGRADO),ICM00604,2004,1S,6.2,6.0,0.0,0.0,0.0,0.0,1.0,1.0,1.0,1.0
2004,18,M,Particular,1987,ECUADOR,GUAYAQUIL,TERCER NIVEL (PREGRADO),ICM00604,2005,1S,7.3,6.95,7.85,7.05,8.25,0.0,1.0,1.0,1.0,1.0
2004,26,M,Particular,1987,ECUADOR,GUAYAQUIL,TERCER NIVEL (PREGRADO),ICM00604,2005,1S,7.95,7.75,9.3,9.5,8.5,0.0,1.0,1.0,1.0,1.0
2004,8,M,Particular,1987,ECUADOR,GUAYAQUIL,TERCER NIVEL (PREGRADO),ICM01941,2005,1S,7.45,8.05,8.5,6.45,8.5,0.0,1.0,1.0,1.0,1.0
2004,10,F,Particular,1987,ECUADOR,GUAYAQUIL,TERCER NIVEL (PREGRADO),ICM01941,2005,1S,6.65,8.15,8.55,9.45,8.65,0.0,1.0,1.0,1.0,1.0
2004,12,M,Particular,1987,ECUADOR,GUAYAQUIL,TERCER NIVEL (PREGRADO),ICM00604,2004,2S,4.325,3.75,7.0,6.0,5.725,1.0,2.0,1.0,1.0,2.0
2004,10,M,Particular,1987,ECUADOR,GUAYAQUIL,TERCER NIVEL (PREGRADO),ICM01941,2005,1S,8.35,7.4,8.4,9.05,9.5,0.0,1.0,1.0,1.0,1.0
2004,12,M,Particular,1987,ECUADOR,GUAYAQUIL,TERCER NIVEL (PREGRADO),ICM01941,2005,2S,6.55,6.55,8.7,7.3,7.2,0.0,1.0,1.0,1.0,1.0
2004,7,F,Particular,1986,ECUADOR,GUAYAQUIL,TERCER NIVEL (PREGRADO),ICM01941,2005,1S,6.25,8.5,8.15,9.15,8.2,0.0,1.0,1.0,1.0,1.0
2004,25,M,Particular,1987,ECUADOR,GUAYAQUIL,TERCER NIVEL (PREGRADO),ICM01941,2005,1S,7.05,6.35,9.55,9.4,8.65,0.0,1.0,1.0,1.0,1.0
2004,19,M,Particular,1987,ECUADOR,GUAYAQUIL,TERCER NIVEL (PREGRADO),ICM00604,2005,1S,5.425,4.35,9.0,7.25,6.2,1.0,2.0,1.0,1.0,1.0
2004,17,M,Particular,1987,ECUADOR,GUAYAQUIL,TERCER NIVEL (PREGRADO),ICM00604,2005,1S,7.35,4.383333333333334,6.75,7.55,8.7,0.0,3.0,1.0,1.0,1.0
2004,15,F,Particular,1986,ECUADOR,GUAYAQUIL,TERCER NIVEL (PREGRADO),ICM00604,2004,2S,6.3,6.1,8.75,7.2,6.0,0.0,1.0,1.0,1.0,1.0
2004,12,M,Particular,1987,ECUADOR,GUAYAQUIL,TERCER NIVEL (PREGRADO),ICM01941,2005,1S,9.7,6.65,9.4,8.55,8.1,0.0,1.0,1.0,1.0,1.0
2004,8,M,Particular,1986,ECUADOR,GUAYAQUIL,TERCER NIVEL (PREGRADO),ICM00604,2004,2S,6.0,6.1,6.3,6.8,6.3,0.0,2.0,1.0,1.0,1.0
2004,16,M,Particular,1987,ECUADOR,GUAYAQUIL,TERCER NIVEL (PREGRADO),ICM00604,2005,1S,6.25,6.4,6.85,5.175000000000001,6.825,1.0,1.0,1.0,2.0,2.0
2004,5,F,Fiscal,1986,ECUADOR,GUAYAQUIL,TERCER NIVEL (PREGRADO),ICM01941,2005,1S,6.25,7.55,6.65,9.4,8.1,0.0,1.0,1.0,1.0,1.0
2004,6,M,Particular,1987,ECUADOR,GUAYAQUIL,TERCER NIVEL (PREGRADO),ICM01941,2005,1S,8.25,9.05,9.2,9.85,10.0,0.0,1.0,1.0,1.0,1.0
2004,16,M,Particular,1987,ECUADOR,MANTA,TERCER NIVEL (PREGRADO),ICM01941,2005,2S,7.95,6.9,6.65,7.2,6.95,0.0,1.0,1.0,1.0,1.0
2004,23,M,Particular,1986,ECUADOR,GUAYAQUIL,TERCER NIVEL (PREGRADO),ICM00604,2005,1S,7.4,6.0,7.9,7.05,7.6,0.0,1.0,1.0,1.0,1.0
2004,13,F,Particular,1987,ECUADOR,GUAYAQUIL,TERCER NIVEL (PREGRADO),ICM01941,2005,1S,7.8,7.05,7.25,8.3,8.05,0.0,1.0,1.0,1.0,1.0
2004,8,M,Particular,1985,ECUADOR,CUENCA,TERCER NIVEL (PREGRADO),ICM00604,2004,2S,4.6,5.0,8.4,7.4,7.9,1.0,2.0,1.0,1.0,1.0
2004,8,M,Nacional,1986,ECUADOR,GUAYAQUIL,TERCER NIVEL (PREGRADO),ICM01941,2005,1S,8.9,7.05,8.75,7.5,8.35,0.0,1.0,1.0,1.0,1.0
2004,10,M,Particular,1987,ECUADOR,MANTA,TERCER NIVEL (PREGRADO),ICM01941,2005,1S,9.8,8.95,10.0,10.0,10.0,0.0,1.0,1.0,1.0,1.0
2004,8,M,Fiscal,1987,ECUADOR,GUAYAQUIL,TERCER NIVEL (PREGRADO),ICM01941,2005,1S,6.85,6.4,7.35,6.25,6.0,0.0,2.0,1.0,1.0,1.0
2004,9,F,Particular,1987,ECUADOR,GUAYAQUIL,TERCER NIVEL (PREGRADO),ICM01941,2005,1S,6.1,4.875,6.15,3.6333333333333333,6.25,0.0,2.0,1.0,3.0,1.0
2004,18,M,Particular,1987,ECUADOR,GUAYAQUIL,TERCER NIVEL (PREGRADO),ICM01941,2005,1S,3.9499999999999997,6.65,7.6,6.65,6.3,1.0,1.0,1.0,1.0,1.0
2004,19,M,Particular,1987,ECUADOR,GUAYAQUIL,TERCER NIVEL (PREGRADO),ICM00604,2005,1S,6.3,5.416666666666667,6.25,6.4,6.4,0.0,3.0,2.0,1.0,1.0
2004,7,M,Nacional,1986,ECUADOR,GUAYAQUIL,TERCER NIVEL (PREGRADO),ICM01941,2005,1S,6.199999999999999,4.925,5.475,6.05,4.2,1.0,2.0,2.0,1.0,2.0
2004,3,F,Nacional,1987,ECUADOR,JIPIJAPA,TERCER NIVEL (PREGRADO),ICM00604,2005,1S,6.05,6.25,7.25,8.0,6.2,0.0,1.0,1.0,1.0,1.0
2004,16,M,Particular,1985,ECUADOR,GUAYAQUIL,TERCER NIVEL (PREGRADO),ICM00604,2005,1S,5.975,6.05,6.875,7.45,6.0,1.0,1.0,2.0,1.0,1.0
2004,11,M,Particular,1986,ECUADOR,GUAYAQUIL,TERCER NIVEL (PREGRADO),ICM01941,2005,1S,6.8,5.300000000000001,6.15,4.5,5.949999999999999,0.0,2.0,1.0,2.0,2.0
2004,3,M,Fiscal,1983,ECUADOR,GUAYAQUIL,TERCER NIVEL (PREGRADO),ICM00604,2005,1S,6.05,5.5,7.25,6.9,7.15,0.0,2.0,1.0,1.0,1.0
2004,9,F,Instituto,1984,ECUADOR,ZARUMA,TERCER NIVEL (PREGRADO),ICM01941,2005,1S,6.0,7.5,6.65,6.35,6.0,0.0,1.0,1.0,1.0,1.0
2004,14,M,Particular,1985,ECUADOR,MANTA,TERCER NIVEL (PREGRADO),ICM00604,2005,1S,6.275,5.425,7.7,6.25,6.0,1.0,2.0,1.0,1.0,1.0
2004,10,M,Particular,1986,ECUADOR,GUAYAQUIL,TERCER NIVEL (PREGRADO),ICM01941,2005,1S,6.4,7.15,8.6,7.5,6.65,0.0,1.0,1.0,1.0,1.0
2004,5,F,Particular,1986,ECUADOR,PORTOVIEJO,TERCER NIVEL (PREGRADO),ICM01941,2005,1S,6.95,5.55,5.925000000000001,6.05,5.616666666666667,0.0,2.0,2.0,1.0,3.0
2004,10,M,Instituto,1984,ECUADOR,ZARUMA,TERCER NIVEL (PREGRADO),ICM00604,2004,3S,6.574999999999999,4.925,6.55,6.9,7.05,1.0,2.0,1.0,1.0,1.0
2004,5,F,Nacional,1987,ECUADOR,GUAYAQUIL,TERCER NIVEL (PREGRADO),ICM00604,2005,1S,7.35,6.75,7.95,6.35,7.65,0.0,1.0,1.0,1.0,1.0
2004,5,F,Fiscal,1987,ECUADOR,GUAYAQUIL,TERCER NIVEL (PREGRADO),ICM00604,2005,1S,7.5,6.4,6.85,7.1,6.85,0.0,1.0,1.0,1.0,1.0
2004,5,M,Particular,1985,ECUADOR,GUAYAQUIL,TERCER NIVEL (PREGRADO),ICM01941,2005,1S,6.15,7.55,7.85,7.85,8.35,0.0,1.0,1.0,1.0,1.0
2005,15,M,Particular,1987,ECUADOR,GUAYAQUIL,TERCER NIVEL (PREGRADO),ICM01941,2005,1S,8.55,7.7,9.85,9.6,9.4,0.0,1.0,1.0,1.0,1.0
2005,14,F,Particular,1987,ECUADOR,GUAYAQUIL,TERCER NIVEL (PREGRADO),ICM01941,2005,1S,6.4,6.025,7.6,6.5,6.25,0.0,2.0,1.0,2.0,1.0
2005,5,M,Nacional,1988,ECUADOR,GUAYAQUIL,TERCER NIVEL (PREGRADO),ICM01941,2005,1S,7.5,6.45,6.35,8.65,8.0,0.0,1.0,1.0,1.0,1.0
2005,15,M,Particular,1987,ECUADOR,GUAYAQUIL,TERCER NIVEL (PREGRADO),ICM01941,2005,1S,6.0,8.5,7.75,8.15,9.0,0.0,1.0,1.0,1.0,1.0
2005,20,M,Particular,1987,ECUADOR,GUAYAQUIL,TERCER NIVEL (PREGRADO),ICM01941,2005,1S,6.9,5.825,6.35,7.9,6.6,0.0,2.0,1.0,1.0,1.0
2005,13,M,Particular,1986,ECUADOR,GUAYAQUIL,TERCER NIVEL (PREGRADO),ICM01941,2005,1S,7.0,6.2,6.7,6.9,6.15,0.0,1.0,1.0,1.0,1.0
2005,8,M,Particular,1986,ECUADOR,GUAYAQUIL,TERCER NIVEL (PREGRADO),ICM01941,2005,1S,8.05,6.225,7.85,7.65,6.65,0.0,2.0,1.0,1.0,1.0
2005,18,M,Particular,1986,ECUADOR,GUAYAQUIL,TERCER NIVEL (PREGRADO),ICM01941,2005,1S,5.975,7.5,7.8,8.9,6.9,1.0,1.0,1.0,1.0,1.0
2005,22,M,Particular,1988,ECUADOR,GUAYAQUIL,TERCER NIVEL (PREGRADO),ICM01941,2005,3S,7.95,8.0,8.3,8.15,6.65,0.0,1.0,1.0,1.0,1.0
2005,18,F,Particular,8202,ECUADOR,GUAYAQUIL,TERCER NIVEL (PREGRADO),ICM01941,2006,1S,6.4,7.15,8.1,7.2,6.4,0.0,1.0,1.0,1.0,1.0
2005,19,F,Particular,1958,ECUADOR,GUAYAQUIL,TERCER NIVEL (PREGRADO),ICM00604,2006,1S,6.95,6.325,6.6,6.95,8.0,0.0,2.0,1.0,1.0,1.0
2005,11,M,Particular,1986,ECUADOR,GUAYAQUIL,TERCER NIVEL (PREGRADO),ICM01941,2005,1S,6.125,7.7,7.45,7.45,7.2,1.0,1.0,1.0,1.0,1.0
2005,8,M,Fiscal,1987,ECUADOR,QUEVEDO,TERCER NIVEL (PREGRADO),ICM01941,2005,1S,6.0,6.95,6.75,7.5,8.4,1.0,1.0,1.0,1.0,1.0
2005,9,F,Fiscal,1987,ECUADOR,ZARUMA,TERCER NIVEL (PREGRADO),ICM01941,2005,1S,7.8,7.0,10.0,8.95,7.0,0.0,1.0,1.0,1.0,1.0
2005,8,M,Particular,1988,ECUADOR,GUAYAQUIL,TERCER NIVEL (PREGRADO),ICM01941,2006,1S,8.95,8.6,9.75,9.05,9.35,0.0,1.0,1.0,1.0,1.0
2005,5,F,Nacional,1987,ECUADOR,GUAYAQUIL,TERCER NIVEL (PREGRADO),ICM01941,2005,1S,6.0,6.75,6.65,6.4,7.1,0.0,1.0,1.0,1.0,1.0
2005,10,F,Particular,1988,ECUADOR,SANTA ELENA,TERCER NIVEL (PREGRADO),ICM00604,2005,1S,6.9,5.675,6.475,8.0,6.225,0.0,2.0,2.0,1.0,2.0
2005,11,F,Fiscal,1986,ECUADOR,GUAYAQUIL,TERCER NIVEL (PREGRADO),ICM01941,2005,1S,6.75,7.15,6.6,7.6,7.55,0.0,1.0,1.0,1.0,1.0
2005,10,F,Nacional,1986,ECUADOR,GUAYAQUIL,TERCER NIVEL (PREGRADO),ICM01941,2005,1S,8.5,7.85,6.9,6.95,7.8,0.0,1.0,2.0,1.0,1.0
2005,8,M,Fiscal,1987,ECUADOR,QUEVEDO,TERCER NIVEL (PREGRADO),ICM01941,2005,1S,6.95,7.2,8.3,8.15,8.45,0.0,1.0,1.0,1.0,1.0
2005,9,M,Nacional,1987,ECUADOR,GUAYAQUIL,TERCER NIVEL (PREGRADO),ICM01941,2005,1S,3.625,7.2,6.275,7.3,7.7,1.0,1.0,2.0,1.0,1.0
2005,5,M,Nacional,1987,ECUADOR,EL PAN,TERCER NIVEL (PREGRADO),ICM01941,2005,1S,6.025,4.525,6.75,6.95,6.3,1.0,2.0,1.0,1.0,1.0
2005,14,M,Particular,1986,ECUADOR,GUAYAQUIL,TERCER NIVEL (PREGRADO),ICM01941,2005,1S,6.05,6.0,7.05,6.3,6.0,0.0,1.0,1.0,1.0,1.0
2005,7,F,Nacional,1987,ECUADOR,GUAYAQUIL,TERCER NIVEL (PREGRADO),ICM01941,2005,1S,6.0,5.975,6.4,6.1,7.5,0.0,2.0,1.0,1.0,1.0
2005,6,F,Nacional,1987,ECUADOR,GUAYAQUIL,TERCER NIVEL (PREGRADO),ICM01941,2005,1S,6.15,6.05,7.55,7.1,7.5,0.0,1.0,1.0,1.0,1.0
2005,8,F,Fiscal,1989,ECUADOR,GUAYAQUIL,TERCER NIVEL (PREGRADO),ICM00604,2005,3S,6.3,6.225,6.15,7.65,6.9,0.0,2.0,1.0,1.0,1.0
2005,5,F,Nacional,1988,ECUADOR,GUAYAQUIL,TERCER NIVEL (PREGRADO),ICM01941,2005,2S,6.25,6.1,6.45,6.3,7.0,0.0,1.0,1.0,1.0,1.0
2005,7,M,Fiscal,1986,ECUADOR,YANTZAZA,TERCER NIVEL (PREGRADO),ICM01941,2005,1S,6.5,7.1,7.275,7.9,8.55,0.0,1.0,2.0,1.0,1.0
2005,11,M,Particular,1988,ECUADOR,GUAYAQUIL,TERCER NIVEL (PREGRADO),ICM00604,2005,3S,8.65,7.45,9.1,8.2,9.75,0.0,1.0,1.0,1.0,1.0
2005,14,F,Particular,1987,ECUADOR,GUAYAQUIL,TERCER NIVEL (PREGRADO),ICM01941,2005,1S,7.45,9.25,8.45,7.3,7.75,0.0,1.0,1.0,1.0,1.0
2005,12,M,Particular,1987,ECUADOR,PORTOVELO,TERCER NIVEL (PREGRADO),ICM00604,2005,1S,4.55,5.375,6.15,7.3,6.75,1.0,2.0,1.0,1.0,1.0
2005,8,M,Nacional,1987,ECUADOR,PIÑAS,TERCER NIVEL (PREGRADO),ICM01941,2005,1S,5.875,4.1,6.25,6.175,6.9,1.0,2.0,1.0,2.0,1.0
2005,6,M,Nacional,1987,ECUADOR,RIOBAMBA,TERCER NIVEL (PREGRADO),ICM01941,2005,1S,6.65,9.45,8.7,8.7,7.8,0.0,1.0,1.0,1.0,1.0
2005,7,M,Particular,1988,ECUADOR,BABAHOYO,TERCER NIVEL (PREGRADO),ICM01941,2005,1S,9.0,7.75,9.1,8.3,7.8,0.0,1.0,1.0,1.0,1.0
2005,12,M,Fiscal,1986,ECUADOR,LOJA,TERCER NIVEL (PREGRADO),ICM01941,2005,1S,7.6,6.7,5.825,6.5,6.4,0.0,1.0,2.0,1.0,1.0
2005,14,M,Particular,1986,ECUADOR,GUAYAQUIL,TERCER NIVEL (PREGRADO),ICM01941,2005,1S,6.975,7.05,7.25,6.05,6.15,1.0,1.0,1.0,1.0,1.0
2005,11,M,Particular,1988,ECUADOR,GUAYAQUIL,TERCER NIVEL (PREGRADO),ICM00604,2005,3S,8.6,7.45,8.3,8.55,8.05,0.0,1.0,1.0,1.0,1.0
2005,7,F,Instituto,1987,ECUADOR,PORTOVELO,TERCER NIVEL (PREGRADO),ICM01941,2005,1S,7.7,6.5,7.65,6.05,6.45,0.0,1.0,1.0,1.0,1.0
2005,7,F,Nacional,1987,ECUADOR,GUAYAQUIL,TERCER NIVEL (PREGRADO),ICM01941,2005,1S,7.3,8.9,9.15,8.6,7.9,0.0,1.0,1.0,1.0,1.0
2005,12,M,Particular,1988,ECUADOR,LA LIBERTAD,TERCER NIVEL (PREGRADO),ICM01941,2005,1S,5.65,6.0,7.05,6.0,8.25,1.0,1.0,1.0,1.0,1.0
2005,11,M,Particular,1987,ECUADOR,LA LIBERTAD,TERCER NIVEL (PREGRADO),ICM01941,2005,1S,6.05,5.55,6.0,6.3,6.0,0.0,2.0,1.0,1.0,1.0
2005,9,M,Particular,1987,ECUADOR,GUAYAQUIL,TERCER NIVEL (PREGRADO),ICM01941,2005,1S,6.35,8.45,8.3,8.55,8.15,0.0,1.0,1.0,1.0,1.0
2005,5,M,Nacional,1987,ECUADOR,GUAYAQUIL,TERCER NIVEL (PREGRADO),ICM01941,2005,1S,7.1,7.6,8.15,8.45,8.4,0.0,1.0,1.0,1.0,1.0
2005,18,M,Particular,1986,ECUADOR,GUAYAQUIL,TERCER NIVEL (PREGRADO),ICM01941,2005,1S,6.45,6.0,6.55,8.95,7.75,0.0,1.0,1.0,1.0,1.0
2005,10,M,Particular,1987,ECUADOR,GENERAL VILLAMIL,TERCER NIVEL (PREGRADO),ICM01941,2005,1S,4.775,6.0,6.4,7.35,6.2,1.0,1.0,1.0,1.0,1.0
2005,9,M,Particular,1988,ECUADOR,GUAYAQUIL,TERCER NIVEL (PREGRADO),ICM01941,2006,1S,9.4,8.7,8.75,8.8,8.75,0.0,1.0,1.0,1.0,1.0
2005,23,M,Particular,1987,ECUADOR,GUAYAQUIL,TERCER NIVEL (PREGRADO),ICM01941,2005,1S,6.15,6.1,8.3,6.15,6.1,0.0,1.0,1.0,1.0,1.0
2005,15,M,Particular,1987,ECUADOR,GUAYAQUIL,TERCER NIVEL (PREGRADO),ICM01941,2005,2S,6.15,6.45,6.05,7.15,8.2,0.0,1.0,1.0,1.0,1.0
2005,26,M,Particular,1987,ECUADOR,QUITO,TERCER NIVEL (PREGRADO),ICM01941,2005,1S,6.3,6.333333333333333,6.175000000000001,5.55,7.2,0.0,3.0,2.0,2.0,1.0
2005,17,F,Particular,1987,ECUADOR,LOJA,TERCER NIVEL (PREGRADO),ICM01941,2005,1S,7.05,6.75,8.35,7.45,6.85,0.0,1.0,1.0,1.0,1.0
2005,7,M,Instituto,1987,ECUADOR,ZARUMA,TERCER NIVEL (PREGRADO),ICM01941,2005,1S,6.05,7.6,9.75,9.1,8.0,0.0,1.0,1.0,1.0,1.0
2005,28,M,Particular,1988,ECUADOR,GUAYAQUIL,TERCER NIVEL (PREGRADO),ICM01941,2005,1S,7.0,6.15,6.45,6.55,6.2,0.0,1.0,1.0,1.0,1.0
2005,3,M,Nacional,1986,ECUADOR,GUAYAQUIL,TERCER NIVEL (PREGRADO),ICM01941,2005,1S,6.0,6.25,6.25,7.85,7.4,0.0,1.0,2.0,1.0,1.0
2005,15,F,Particular,1987,ECUADOR,GUAYAQUIL,TERCER NIVEL (PREGRADO),ICM01941,2005,1S,7.5,6.9,7.0,6.55,7.3,0.0,1.0,1.0,1.0,1.0
2005,12,F,Particular,1988,ECUADOR,GUAYAQUIL,TERCER NIVEL (PREGRADO),ICM01941,2005,2S,7.25,7.1,6.7,7.6,8.6,0.0,1.0,1.0,1.0,1.0
2005,11,M,Particular,1989,ECUADOR,GUAYAQUIL,TERCER NIVEL (PREGRADO),ICM01941,2005,2S,6.25,6.9,7.2,6.85,7.25,0.0,1.0,1.0,1.0,1.0
2005,11,M,Particular,1987,ECUADOR,JIPIJAPA,TERCER NIVEL (PREGRADO),ICM01941,2005,1S,6.2,6.25,6.6,6.6,8.35,0.0,1.0,1.0,1.0,1.0
2005,10,M,Particular,1989,ECUADOR,GUAYAQUIL,TERCER NIVEL (PREGRADO),ICM01941,2005,3S,5.575,6.6,6.375,6.1,6.45,1.0,1.0,2.0,1.0,1.0
2005,12,M,Particular,1987,ECUADOR,SANTA ROSA,TERCER NIVEL (PREGRADO),ICM01941,2005,2S,6.15,6.2,6.6,8.1,8.6,0.0,1.0,2.0,1.0,1.0
2005,15,M,Particular,1987,ECUADOR,MACHALA,TERCER NIVEL (PREGRADO),ICM01941,2005,1S,7.1,6.1,7.2,7.15,6.55,0.0,1.0,1.0,1.0,1.0
2005,6,M,Particular,1986,ECUADOR,GUAYAQUIL,TERCER NIVEL (PREGRADO),ICM01941,2005,1S,7.8,6.15,6.2,6.2,6.0,0.0,2.0,1.0,1.0,1.0
2005,8,M,Particular,1987,ECUADOR,MACHALA,TERCER NIVEL (PREGRADO),ICM01941,2005,1S,6.5,6.3,6.9,6.7,8.05,0.0,1.0,1.0,1.0,1.0
2005,17,F,Particular,1987,ECUADOR,GUAYAQUIL,TERCER NIVEL (PREGRADO),ICM01941,2005,1S,5.7,5.75,6.1,6.45,6.45,1.0,2.0,1.0,2.0,1.0
2005,18,M,Particular,1987,ECUADOR,GUAYAQUIL,TERCER NIVEL (PREGRADO),ICM01941,2005,1S,6.0,7.2,8.1,7.5,6.6,0.0,1.0,1.0,1.0,1.0
2005,14,M,Particular,1987,ECUADOR,GUAYAQUIL,TERCER NIVEL (PREGRADO),ICM01941,2005,2S,6.0,7.0,7.4,6.3,6.025,0.0,1.0,1.0,1.0,2.0
2005,16,M,Particular,1987,ECUADOR,GUAYAQUIL,TERCER NIVEL (PREGRADO),ICM01941,2005,1S,7.05,6.35,6.6,7.6,6.0,0.0,1.0,1.0,1.0,1.0
2005,8,F,Particular,1987,ECUADOR,GUAYAQUIL,TERCER NIVEL (PREGRADO),ICM01941,2005,2S,7.7,6.225,7.2,7.35,6.75,0.0,2.0,1.0,1.0,1.0
2005,27,F,Particular,1986,ECUADOR,GUAYAQUIL,TERCER NIVEL (PREGRADO),ICM01941,2005,1S,6.35,7.85,8.9,7.95,7.2,0.0,1.0,1.0,1.0,1.0
2005,10,M,Particular,1987,ECUADOR,AMBATO,TERCER NIVEL (PREGRADO),ICM01941,2005,1S,7.7,6.85,8.1,8.45,7.2,0.0,1.0,1.0,1.0,1.0
2005,3,M,Nacional,1987,ECUADOR,GUAYAQUIL,TERCER NIVEL (PREGRADO),ICM01941,2005,2S,6.4,7.1,7.2,7.9,8.3,0.0,1.0,1.0,1.0,1.0
2005,11,M,Particular,1987,ECUADOR,AZOGUES,TERCER NIVEL (PREGRADO),ICM01941,2005,1S,6.15,6.45,7.1,6.6,6.8,0.0,1.0,1.0,1.0,1.0
2005,6,M,Nacional,1987,ECUADOR,GUAYAQUIL,TERCER NIVEL (PREGRADO),ICM01941,2005,1S,6.5,6.25,7.4,7.95,8.5,0.0,1.0,2.0,1.0,1.0
2005,5,F,Particular,1987,ECUADOR,GUAYAQUIL,TERCER NIVEL (PREGRADO),ICM01941,2005,2S,6.7,6.1,6.55,7.225,7.1,0.0,1.0,1.0,2.0,1.0
2005,7,M,Instituto,1987,ECUADOR,ZARUMA,TERCER NIVEL (PREGRADO),ICM01941,2005,1S,6.75,7.05,7.85,7.65,7.1,0.0,1.0,1.0,1.0,1.0
2005,8,M,Fisco-Misional,1987,ECUADOR,GUAYAQUIL,TERCER NIVEL (PREGRADO),ICM01941,2005,1S,7.45,6.75,9.55,8.55,6.75,0.0,1.0,1.0,1.0,1.0
2005,8,M,Instituto,1987,ECUADOR,PORTOVELO,TERCER NIVEL (PREGRADO),ICM01941,2005,1S,6.75,8.25,7.05,7.6,7.3,0.0,1.0,1.0,1.0,1.0
2005,7,M,Particular,1987,ECUADOR,PORTOVIEJO,TERCER NIVEL (PREGRADO),ICM01941,2005,1S,7.55,7.05,7.65,8.6,6.5,0.0,1.0,1.0,1.0,1.0
2005,6,M,Particular,1987,ECUADOR,MONTUFAR,TERCER NIVEL (PREGRADO),ICM01941,2005,1S,6.7,6.5,6.0,6.85,6.05,0.0,1.0,1.0,1.0,1.0
2005,14,M,Particular,1987,ECUADOR,GUAYAQUIL,TERCER NIVEL (PREGRADO),ICM01941,2005,1S,7.3,6.05,7.2,6.9,8.9,0.0,1.0,1.0,1.0,1.0
2005,9,M,Particular,1987,ECUADOR,ARENILLAS,TERCER NIVEL (PREGRADO),ICM01941,2005,1S,6.85,6.05,5.925,7.4,6.95,0.0,1.0,2.0,1.0,1.0
2005,20,M,Particular,1987,ECUADOR,GUAYAQUIL,TERCER NIVEL (PREGRADO),ICM01941,2005,1S,6.7,6.5,7.7,7.65,6.0,0.0,1.0,1.0,1.0,1.0
2005,5,M,Nacional,1986,ECUADOR,GUAYAQUIL,TERCER NIVEL (PREGRADO),ICM01941,2005,2S,6.6,6.65,4.5,6.0,6.4,0.0,1.0,2.0,1.0,1.0
2005,14,M,Particular,1987,ECUADOR,MACHALA,TERCER NIVEL (PREGRADO),ICM01941,2005,1S,6.050000000000001,6.7,9.05,7.3,6.3,1.0,1.0,1.0,1.0,1.0
2005,12,F,Particular,1987,ECUADOR,MILAGRO,TERCER NIVEL (PREGRADO),ICM01941,2005,1S,6.35,6.95,6.2,7.15,8.0,0.0,1.0,1.0,1.0,1.0
2005,12,F,Particular,1988,ECUADOR,BABAHOYO,TERCER NIVEL (PREGRADO),ICM01941,2005,2S,6.45,6.3,3.8000000000000003,6.05,5.475,0.0,1.0,2.0,1.0,2.0
2005,9,F,Nacional,1987,ECUADOR,MACHALA,TERCER NIVEL (PREGRADO),ICM01941,2005,2S,5.9,6.5,5.85,8.35,6.75,1.0,1.0,2.0,1.0,1.0
2005,13,M,Particular,1986,ECUADOR,SANTA ROSA,TERCER NIVEL (PREGRADO),ICM01941,2005,1S,3.85,5.300000000000001,5.824999999999999,5.125,5.525,2.0,2.0,2.0,2.0,2.0
2005,10,M,Particular,1987,ECUADOR,GUAYAQUIL,TERCER NIVEL (PREGRADO),ICM01941,2005,1S,6.4,6.0,6.55,7.1,6.725,0.0,1.0,1.0,1.0,2.0
2005,14,F,Particular,1987,ECUADOR,GUAYAQUIL,TERCER NIVEL (PREGRADO),ICM01941,2005,1S,7.05,7.1,6.1,7.0,6.45,0.0,1.0,1.0,1.0,1.0
2005,9,M,Particular,1989,ECUADOR,GUAYAQUIL,TERCER NIVEL (PREGRADO),ICM01941,2006,1S,6.1,6.0,6.2,6.0,6.3,1.0,1.0,1.0,1.0,1.0
2005,13,M,Particular,1988,ECUADOR,GUAYAQUIL,TERCER NIVEL (PREGRADO),ICM01941,2006,1S,6.75,6.225,6.0,6.725,6.45,0.0,2.0,1.0,2.0,1.0
2005,18,M,Particular,1988,ECUADOR,BAHIA DE CARAQUEZ,TERCER NIVEL (PREGRADO),ICM01941,2006,1S,8.85,7.85,7.95,6.8,7.85,0.0,1.0,1.0,1.0,1.0
2005,7,M,Nacional,1987,ECUADOR,GUAYAQUIL,TERCER NIVEL (PREGRADO),ICM01941,2005,1S,7.15,6.6,7.9,10.0,8.75,0.0,1.0,1.0,1.0,1.0
2005,37,M,Particular,1987,ECUADOR,GUAYAQUIL,TERCER NIVEL (PREGRADO),ICM01941,2005,1S,6.0,6.0,7.55,6.3,7.0,0.0,1.0,1.0,1.0,1.0
2005,8,M,Particular,1987,ECUADOR,GUAYAQUIL,TERCER NIVEL (PREGRADO),ICM01941,2005,1S,6.275,6.4,5.625,6.175,6.0,1.0,1.0,2.0,2.0,1.0
2005,12,F,Particular,1986,ECUADOR,GUAYAQUIL,TERCER NIVEL (PREGRADO),ICM01941,2005,1S,6.1,6.8,7.35,7.05,6.55,0.0,2.0,1.0,2.0,1.0
2005,12,M,Particular,1987,ECUADOR,GUAYAQUIL,TERCER NIVEL (PREGRADO),ICM01941,2005,2S,6.15,6.95,6.05,6.75,7.6,0.0,1.0,1.0,1.0,1.0
2005,10,M,Particular,1987,ECUADOR,GUAYAQUIL,TERCER NIVEL (PREGRADO),ICM01941,2005,2S,3.85,6.3,8.2,6.6,8.45,1.0,1.0,1.0,1.0,1.0
2005,15,M,Particular,1986,ECUADOR,GUAYAQUIL,TERCER NIVEL (PREGRADO),ICM01941,2005,1S,4.925,5.9,7.1,5.5,6.25,1.0,2.0,1.0,2.0,1.0
2005,7,M,Nacional,1987,ECUADOR,GUAYAQUIL,TERCER NIVEL (PREGRADO),ICM01941,2005,2S,6.0,6.9,6.45,6.65,7.15,0.0,1.0,1.0,1.0,1.0
2005,7,M,Particular,1986,ECUADOR,MACHALA,TERCER NIVEL (PREGRADO),ICM01941,2005,1S,6.8,6.775,6.6,6.75,8.0,0.0,2.0,1.0,1.0,1.0
2005,5,M,Particular,1988,ECUADOR,GUAYAQUIL,TERCER NIVEL (PREGRADO),ICM01941,2005,1S,8.3,8.95,9.7,9.45,8.9,0.0,1.0,1.0,1.0,1.0
2005,15,F,Particular,1987,ECUADOR,MACHALA,TERCER NIVEL (PREGRADO),ICM01941,2005,1S,7.55,7.0,7.15,7.95,8.0,0.0,1.0,1.0,1.0,1.0
2005,13,F,Particular,1987,ECUADOR,ANCON,TERCER NIVEL (PREGRADO),ICM01941,2005,1S,6.55,6.75,7.8,6.05,6.625,0.0,2.0,1.0,1.0,2.0
2005,12,M,Particular,1988,ECUADOR,GUAYAQUIL,TERCER NIVEL (PREGRADO),ICM01941,2006,1S,6.0,6.65,8.05,7.0,7.85,0.0,1.0,1.0,1.0,1.0
2005,39,M,Particular,1986,ECUADOR,GUAYAQUIL,TERCER NIVEL (PREGRADO),ICM01941,2005,1S,6.6,6.3,6.9,6.8,6.0,0.0,1.0,2.0,1.0,1.0
2005,8,M,Nacional,1986,ECUADOR,SALINAS,TERCER NIVEL (PREGRADO),ICM01941,2005,1S,6.3,6.1,8.4,7.3,6.85,0.0,1.0,1.0,1.0,1.0
2005,11,M,Particular,1988,ECUADOR,GUAYAQUIL,TERCER NIVEL (PREGRADO),ICM01941,2005,1S,6.2,6.1,8.4,7.4,6.85,1.0,1.0,1.0,1.0,1.0
2005,9,M,Particular,1987,ECUADOR,AMBATO,TERCER NIVEL (PREGRADO),ICM01941,2005,1S,7.2,6.6,7.55,7.6,6.85,0.0,1.0,1.0,1.0,1.0
2005,3,M,Nacional,1985,ECUADOR,NOBOL,TERCER NIVEL (PREGRADO),ICM01941,2005,1S,5.675000000000001,6.0,7.55,7.7,7.05,1.0,1.0,1.0,1.0,1.0
2005,11,M,Fisco-Misional,1987,ECUADOR,GUAYAQUIL,TERCER NIVEL (PREGRADO),ICM01941,2005,1S,6.65,9.0,8.9,7.5,7.9,0.0,1.0,1.0,1.0,1.0
2005,6,M,Fisco-Misional,1987,ECUADOR,GUAYAQUIL,TERCER NIVEL (PREGRADO),ICM01941,2005,1S,6.0,6.300000000000001,7.5,6.1,6.65,0.0,2.0,1.0,1.0,1.0
2005,7,M,Fisco-Misional,1986,ECUADOR,GUAYAQUIL,TERCER NIVEL (PREGRADO),ICM01941,2005,1S,6.0,6.4,7.75,6.9,7.2,0.0,1.0,1.0,1.0,1.0
2005,12,M,Particular,1988,ECUADOR,GUAYAQUIL,TERCER NIVEL (PREGRADO),ICM01941,2005,1S,6.2,6.3,6.6,5.55,6.4,0.0,1.0,1.0,2.0,1.0
2005,7,M,Particular,1987,ECUADOR,NARANJITO,TERCER NIVEL (PREGRADO),ICM01941,2005,1S,3.425,6.666666666666667,6.125,6.1,7.0,1.0,3.0,2.0,1.0,1.0
2005,7,M,Instituto,1986,ECUADOR,ZARUMA,TERCER NIVEL (PREGRADO),ICM01941,2005,1S,6.15,7.15,7.05,6.35,7.4,0.0,1.0,1.0,1.0,1.0
2005,3,F,Nacional,1984,ECUADOR,GUAYAQUIL,TERCER NIVEL (PREGRADO),ICM01941,2005,1S,5.35,6.65,6.65,6.75,6.85,1.0,1.0,1.0,1.0,1.0
2005,7,M,Fiscal,1983,ECUADOR,MONTUFAR,TERCER NIVEL (PREGRADO),ICM01941,2005,2S,3.875,4.425,8.05,6.925,6.15,1.0,2.0,1.0,2.0,1.0
2005,13,M,Particular,1987,ECUADOR,GUAYAQUIL,TERCER NIVEL (PREGRADO),ICM01941,2005,1S,6.1,6.05,6.5,6.0,6.0,0.0,1.0,1.0,1.0,1.0
2005,22,M,Particular,1987,ECUADOR,GUAYAQUIL,TERCER NIVEL (PREGRADO),ICM01941,2005,1S,7.75,8.85,9.15,8.65,9.6,0.0,1.0,1.0,1.0,1.0
2005,8,M,Nacional,1986,ECUADOR,GUAYAQUIL,TERCER NIVEL (PREGRADO),ICM01941,2005,1S,6.1,7.075,7.15,6.5,6.1,0.0,2.0,1.0,2.0,1.0
2005,11,M,Particular,1987,ECUADOR,GUAYAQUIL,TERCER NIVEL (PREGRADO),ICM01941,2005,1S,6.85,6.7,7.55,6.8,6.05,0.0,1.0,1.0,1.0,1.0
2005,9,M,Fiscal,1988,ECUADOR,ZARUMA,TERCER NIVEL (PREGRADO),ICM00604,2005,3S,6.55,6.15,6.8,6.7,7.15,0.0,1.0,1.0,1.0,1.0
2005,8,M,Fiscal,1988,ECUADOR,ZARUMA,TERCER NIVEL (PREGRADO),ICM00604,2005,3S,6.0,6.025,6.9,6.375,5.6,0.0,2.0,1.0,2.0,2.0
2005,10,M,Particular,1987,ECUADOR,GUAYAQUIL,TERCER NIVEL (PREGRADO),ICM01941,2005,1S,8.15,6.5,7.25,6.1,6.7,0.0,1.0,1.0,1.0,1.0
2005,13,M,Particular,1987,ECUADOR,MACHALA,TERCER NIVEL (PREGRADO),ICM01941,2005,2S,6.0,5.9,5.449999999999999,6.0,6.1,0.0,2.0,2.0,1.0,1.0
2005,3,M,Particular,1988,ECUADOR,BABAHOYO,TERCER NIVEL (PREGRADO),ICM01941,2005,1S,6.45,8.45,8.25,8.7,7.85,0.0,1.0,1.0,1.0,1.0
2005,10,M,Particular,1987,ECUADOR,MACHALA,TERCER NIVEL (PREGRADO),ICM01941,2005,1S,8.1,7.0,6.1,6.15,7.3,0.0,1.0,1.0,1.0,1.0
2005,14,M,Particular,1987,ECUADOR,GUAYAQUIL,TERCER NIVEL (PREGRADO),ICM01941,2005,1S,7.95,6.949999999999999,6.9,6.85,7.55,0.0,2.0,1.0,1.0,1.0
2005,6,M,Fisco-Misional,1987,ECUADOR,GUAYAQUIL,TERCER NIVEL (PREGRADO),ICM01941,2005,1S,7.95,8.3,8.95,7.25,8.55,0.0,1.0,1.0,1.0,1.0
2005,8,M,Fisco-Misional,1987,ECUADOR,GUAYAQUIL,TERCER NIVEL (PREGRADO),ICM01941,2005,1S,6.2,9.1,7.85,7.4,8.35,0.0,1.0,1.0,1.0,1.0
2005,8,M,Nacional,1987,ECUADOR,GUAYAQUIL,TERCER NIVEL (PREGRADO),ICM01941,2005,1S,6.0,6.2,5.800000000000001,7.8,6.45,0.0,1.0,2.0,1.0,1.0
2005,16,M,Particular,1987,ECUADOR,GUAYAQUIL,TERCER NIVEL (PREGRADO),ICM00604,2005,1S,6.25,5.925,7.35,7.0,8.2,0.0,2.0,1.0,1.0,1.0
2005,14,M,Particular,1988,ECUADOR,PORTOVIEJO,TERCER NIVEL (PREGRADO),ICM01941,2005,1S,7.3,6.475,6.0,5.975,6.6,0.0,2.0,1.0,2.0,1.0
2005,11,M,Nacional,1986,ECUADOR,GUAYAQUIL,TERCER NIVEL (PREGRADO),ICM01941,2005,2S,6.35,6.6,6.5,6.050000000000001,6.0,0.0,1.0,1.0,2.0,1.0
2005,16,F,Particular,1987,ECUADOR,MACHALA,TERCER NIVEL (PREGRADO),ICM01941,2005,1S,7.55,6.65,6.2,6.75,7.6,0.0,1.0,1.0,1.0,1.0
2005,8,M,Particular,1987,ECUADOR,GUAYAQUIL,TERCER NIVEL (PREGRADO),ICM01941,2005,2S,7.0,4.166666666666667,6.0,6.116666666666666,6.45,0.0,3.0,1.0,3.0,1.0
2005,15,M,Particular,1987,ECUADOR,SANTA ELENA,TERCER NIVEL (PREGRADO),ICM01941,2005,2S,7.3,7.45,7.4,8.2,8.45,0.0,1.0,1.0,1.0,1.0
2005,23,M,Particular,1986,ECUADOR,MACHALA,TERCER NIVEL (PREGRADO),ICM01941,2005,1S,7.1,8.0,6.85,9.75,6.5,0.0,1.0,1.0,1.0,1.0
2005,14,M,Particular,1987,ECUADOR,GUAYAQUIL,TERCER NIVEL (PREGRADO),ICM01941,2005,1S,7.2,6.125,7.7,7.2,6.65,0.0,2.0,1.0,1.0,1.0
2005,16,F,Particular,1987,ECUADOR,QUITO,TERCER NIVEL (PREGRADO),ICM01941,2005,1S,7.6,6.5,9.15,7.3,8.8,0.0,1.0,1.0,1.0,1.0
2005,7,M,Fiscal,1987,ECUADOR,GUAYAQUIL,TERCER NIVEL (PREGRADO),ICM01941,2005,1S,4.175,6.45,7.35,7.45,6.3,1.0,1.0,1.0,1.0,1.0
2005,14,M,Particular,1987,ECUADOR,GUAYAQUIL,TERCER NIVEL (PREGRADO),ICM01941,2006,1S,6.15,5.824999999999999,7.3,6.0,6.0,0.0,2.0,1.0,1.0,1.0
2005,8,M,Particular,1987,ECUADOR,GUAYAQUIL,TERCER NIVEL (PREGRADO),ICM01941,2005,1S,6.1,5.575,7.3,6.025,6.3,0.0,2.0,1.0,2.0,1.0
2005,11,M,Particular,1987,ECUADOR,GUAYAQUIL,TERCER NIVEL (PREGRADO),ICM01941,2005,1S,6.05,6.05,6.675000000000001,6.55,6.75,0.0,1.0,2.0,1.0,1.0
2005,18,M,Particular,1987,ECUADOR,GUAYAQUIL,TERCER NIVEL (PREGRADO),ICM01941,2005,1S,6.1,6.2,7.4,7.65,8.0,0.0,1.0,1.0,1.0,1.0
2005,13,M,Particular,1987,ECUADOR,GUAYAQUIL,TERCER NIVEL (PREGRADO),ICM01941,2005,1S,6.3,6.0,5.325,7.35,6.3,0.0,1.0,2.0,1.0,1.0
2005,7,M,Nacional,1987,ECUADOR,GUAYAQUIL,TERCER NIVEL (PREGRADO),ICM01941,2006,1S,6.0,6.55,7.35,6.4,6.3,0.0,1.0,1.0,2.0,1.0
2005,22,F,Particular,1987,ECUADOR,GUAYAQUIL,TERCER NIVEL (PREGRADO),ICM00604,2005,1S,5.7,5.7,5.9,6.0,6.05,2.0,2.0,2.0,1.0,1.0
2005,25,M,Particular,1987,ECUADOR,GUAYAQUIL,TERCER NIVEL (PREGRADO),ICM01941,2005,1S,7.75,7.2,8.3,6.7,8.3,0.0,1.0,1.0,1.0,1.0
2005,6,F,Fiscal,1986,ECUADOR,GUAYAQUIL,TERCER NIVEL (PREGRADO),ICM01941,2005,2S,6.425000000000001,6.0,6.8,7.35,7.4,1.0,1.0,1.0,1.0,1.0
2005,10,M,Nacional,1988,ECUADOR,MILAGRO,TERCER NIVEL (PREGRADO),ICM01941,2005,1S,7.2,7.05,6.9,8.35,8.4,0.0,1.0,2.0,1.0,1.0
2005,14,M,Particular,1986,ECUADOR,GUAYAQUIL,TERCER NIVEL (PREGRADO),ICM01941,2005,1S,6.65,7.35,7.85,8.95,8.6,0.0,1.0,1.0,1.0,1.0
2005,3,F,Nacional,1987,ECUADOR,GUAYAQUIL,TERCER NIVEL (PREGRADO),ICM01941,2006,1S,6.15,6.7,7.75,6.3,6.5,0.0,1.0,1.0,1.0,1.0
2005,8,M,Particular,1989,ECUADOR,GUAYAQUIL,TERCER NIVEL (PREGRADO),ICM01941,2006,1S,6.05,8.15,8.15,9.0,7.95,0.0,1.0,1.0,1.0,1.0
2005,11,M,Particular,1987,ECUADOR,GUAYAQUIL,TERCER NIVEL (PREGRADO),ICM01941,2005,1S,6.9,6.1,8.05,7.1,7.0,0.0,1.0,1.0,1.0,1.0
2005,20,M,Particular,1987,ECUADOR,GUAYAQUIL,TERCER NIVEL (PREGRADO),ICM01941,2005,1S,6.35,6.4,8.1,6.45,7.8,0.0,1.0,1.0,1.0,1.0
2005,15,F,Particular,1987,ECUADOR,GUAYAQUIL,TERCER NIVEL (PREGRADO),ICM01941,2005,1S,3.775,6.7,7.0,6.65,8.4,1.0,1.0,1.0,1.0,1.0
2005,11,F,Particular,1987,ECUADOR,MANTA,TERCER NIVEL (PREGRADO),ICM01941,2005,1S,7.3,6.7,8.0,7.4,8.75,0.0,1.0,1.0,1.0,1.0
2005,10,F,Particular,1986,ECUADOR,QUITO,TERCER NIVEL (PREGRADO),ICM01941,2005,1S,6.0,6.35,6.35,7.3,6.675000000000001,0.0,1.0,1.0,2.0,2.0
2005,5,M,Nacional,1987,ECUADOR,GUAYAQUIL,TERCER NIVEL (PREGRADO),ICM01941,2005,1S,7.75,9.5,6.45,8.15,9.3,0.0,1.0,1.0,1.0,1.0
2005,10,M,Particular,1987,ECUADOR,GUAYAQUIL,TERCER NIVEL (PREGRADO),ICM01941,2005,1S,7.5,6.05,6.45,7.65,7.65,0.0,1.0,1.0,1.0,1.0
2005,20,M,Particular,1987,ECUADOR,GUAYAQUIL,TERCER NIVEL (PREGRADO),ICM01941,2005,2S,7.4,7.4,6.15,6.85,6.0,0.0,1.0,1.0,1.0,1.0
2005,9,F,Particular,1987,ECUADOR,GUAYAQUIL,TERCER NIVEL (PREGRADO),ICM01941,2005,2S,6.05,6.05,6.85,6.25,6.0,0.0,1.0,1.0,2.0,1.0
2005,7,M,Fisco-Misional,1987,ECUADOR,GUAYAQUIL,TERCER NIVEL (PREGRADO),ICM01941,2005,2S,5.75,5.574999999999999,5.95,6.15,7.15,1.0,2.0,2.0,1.0,1.0
2005,16,M,Particular,1987,ECUADOR,GUAYAQUIL,TERCER NIVEL (PREGRADO),ICM01941,2005,1S,6.85,7.2,6.3,7.2,7.15,0.0,1.0,1.0,1.0,1.0
2005,23,F,Particular,1987,ECUADOR,GUAYAQUIL,TERCER NIVEL (PREGRADO),ICM01941,2005,1S,6.75,6.325,6.5,6.15,6.65,1.0,2.0,1.0,1.0,1.0
2005,10,M,Particular,1988,ECUADOR,GUAYAQUIL,TERCER NIVEL (PREGRADO),ICM01941,2006,1S,6.4,6.074999999999999,6.0,6.65,6.2,0.0,2.0,1.0,1.0,1.0
2005,12,M,Particular,1987,ECUADOR,GUAYAQUIL,TERCER NIVEL (PREGRADO),ICM01941,2005,1S,5.824999999999999,5.925,6.475,6.0,7.9,1.0,2.0,2.0,1.0,1.0
2005,25,M,Particular,1986,ECUADOR,GUAYAQUIL,TERCER NIVEL (PREGRADO),ICM01941,2005,1S,6.7,6.0,6.05,6.25,7.3,0.0,2.0,1.0,2.0,1.0
2005,7,M,Particular,1987,ECUADOR,BABAHOYO,TERCER NIVEL (PREGRADO),ICM01941,2005,1S,6.1,7.65,7.15,8.3,7.9,0.0,1.0,1.0,1.0,1.0
2005,9,M,Particular,1987,ECUADOR,GUAYAQUIL,TERCER NIVEL (PREGRADO),ICM01941,2005,1S,6.275,6.05,6.75,7.0,6.9,1.0,1.0,1.0,1.0,1.0
2005,10,M,Particular,1986,ECUADOR,GUAYAQUIL,TERCER NIVEL (PREGRADO),ICM00604,2005,2S,7.25,6.8,6.0,6.8,6.55,0.0,1.0,1.0,1.0,1.0
2005,6,M,Nacional,1985,ECUADOR,GUAYAQUIL,TERCER NIVEL (PREGRADO),ICM01941,2005,1S,6.15,6.0,7.35,6.15,6.65,0.0,1.0,1.0,1.0,1.0
2005,14,M,Particular,1987,ECUADOR,GUAYAQUIL,TERCER NIVEL (PREGRADO),ICM01941,2005,2S,6.55,5.575,5.55,7.5,6.45,0.0,2.0,2.0,1.0,1.0
2005,12,M,Particular,1987,ECUADOR,GUAYAQUIL,TERCER NIVEL (PREGRADO),ICM01941,2005,1S,6.25,7.95,9.5,8.6,7.5,0.0,1.0,1.0,1.0,1.0
2005,17,F,Particular,1987,ECUADOR,GUAYAQUIL,TERCER NIVEL (PREGRADO),ICM01941,2005,3S,7.65,8.75,7.9,7.1,7.3,0.0,1.0,1.0,1.0,1.0
2005,15,M,Particular,1987,ECUADOR,GUAYAQUIL,TERCER NIVEL (PREGRADO),ICM01941,2005,2S,8.0,6.15,7.6,7.75,8.55,0.0,1.0,1.0,1.0,1.0
2005,5,M,Nacional,1988,ECUADOR,GUAYAQUIL,TERCER NIVEL (PREGRADO),ICM01941,2005,1S,6.324999999999999,6.05,7.0,6.05,5.5,1.0,1.0,1.0,1.0,2.0
2005,10,M,Particular,1987,ECUADOR,GUAYAQUIL,TERCER NIVEL (PREGRADO),ICM01941,2005,1S,6.3,6.75,6.15,7.1,6.2,0.0,2.0,2.0,1.0,1.0
2005,7,M,Particular,1987,ECUADOR,GUAYAQUIL,TERCER NIVEL (PREGRADO),ICM01941,2005,1S,6.55,6.5,7.9,8.9,7.85,0.0,1.0,1.0,1.0,1.0
2005,10,M,Particular,1987,ECUADOR,GUAYAQUIL,TERCER NIVEL (PREGRADO),ICM01941,2005,1S,8.15,8.15,9.05,9.8,9.05,0.0,1.0,1.0,1.0,1.0
2005,8,M,Particular,1987,ECUADOR,GUAYAQUIL,TERCER NIVEL (PREGRADO),ICM01941,2005,2S,6.7,6.15,6.45,6.0,7.95,0.0,1.0,1.0,1.0,1.0
2005,14,M,Particular,1987,ECUADOR,GUAYAQUIL,TERCER NIVEL (PREGRADO),ICM00604,2005,2S,9.05,7.85,8.85,9.05,8.1,0.0,1.0,1.0,1.0,1.0
2005,8,M,Fiscal,1987,ECUADOR,GUAYAQUIL,TERCER NIVEL (PREGRADO),ICM01941,2005,1S,7.15,6.1,7.6,8.55,9.5,0.0,1.0,1.0,1.0,1.0
2005,20,F,Particular,1986,ECUADOR,GUAYAQUIL,TERCER NIVEL (PREGRADO),ICM01941,2005,1S,6.0,8.6,7.9,6.15,7.2,0.0,1.0,1.0,1.0,1.0
2005,10,M,Fisco-Misional,1987,ECUADOR,GUAYAQUIL,TERCER NIVEL (PREGRADO),ICM01941,2005,1S,4.5,3.8249999999999997,6.0,5.725,6.0,1.0,2.0,2.0,2.0,1.0
2005,9,F,Particular,1987,ECUADOR,MILAGRO,TERCER NIVEL (PREGRADO),ICM01941,2005,1S,6.375,6.7,6.95,6.675000000000001,7.15,1.0,1.0,1.0,2.0,1.0
2005,9,M,Particular,1988,ECUADOR,GUAYAQUIL,TERCER NIVEL (PREGRADO),ICM01941,2005,1S,6.5,6.0,7.0,9.2,8.7,0.0,1.0,1.0,1.0,1.0
2005,12,F,Particular,1987,ECUADOR,MACHALA,TERCER NIVEL (PREGRADO),ICM01941,2005,2S,6.35,6.0,5.25,6.199999999999999,6.75,1.0,1.0,2.0,2.0,1.0
2005,14,F,Particular,1987,ECUADOR,MACHALA,TERCER NIVEL (PREGRADO),ICM00604,2005,2S,5.666666666666667,5.683333333333333,5.25,5.6,7.55,2.0,3.0,2.0,2.0,1.0
2005,12,M,Particular,1988,ECUADOR,DAULE,TERCER NIVEL (PREGRADO),ICM01941,2005,1S,6.45,6.525,6.9,6.3,7.15,1.0,2.0,1.0,1.0,1.0
2005,19,F,Particular,1987,ECUADOR,GUAYAQUIL,TERCER NIVEL (PREGRADO),ICM01941,2005,1S,8.05,6.65,7.65,6.65,6.8,0.0,1.0,1.0,1.0,1.0
2005,14,M,Particular,1987,ECUADOR,GUAYAQUIL,TERCER NIVEL (PREGRADO),ICM01941,2005,2S,7.35,6.1,6.5,6.0,6.95,0.0,1.0,1.0,1.0,1.0
2005,27,M,Particular,1986,ECUADOR,GUAYAQUIL,TERCER NIVEL (PREGRADO),ICM01941,2005,1S,6.0,5.633333333333333,5.925000000000001,3.7750000000000004,6.35,0.0,3.0,2.0,2.0,1.0
2005,6,F,Particular,1987,ECUADOR,GUAYAQUIL,TERCER NIVEL (PREGRADO),ICM01941,2005,1S,5.925000000000001,6.65,6.0,6.0,6.05,1.0,1.0,1.0,1.0,1.0
2005,10,M,Particular,1987,ECUADOR,GUAYAQUIL,TERCER NIVEL (PREGRADO),ICM01941,2005,1S,7.75,7.2,8.8,8.05,8.55,0.0,1.0,1.0,1.0,1.0
2005,13,F,Particular,1987,ECUADOR,MILAGRO,TERCER NIVEL (PREGRADO),ICM01941,2005,1S,7.1,8.2,8.8,7.3,9.15,1.0,1.0,1.0,1.0,1.0
2005,11,M,Particular,1987,ECUADOR,JIPIJAPA,TERCER NIVEL (PREGRADO),ICM01941,2005,1S,6.2,4.725,6.8,6.175,6.7,0.0,2.0,1.0,2.0,2.0
2005,6,M,Particular,1987,ECUADOR,QUITO,TERCER NIVEL (PREGRADO),ICM01941,2005,1S,6.3,5.466666666666666,6.324999999999999,6.55,6.025,0.0,3.0,2.0,1.0,2.0
2005,21,M,Particular,1987,ECUADOR,MACHALA,TERCER NIVEL (PREGRADO),ICM01941,2005,1S,7.35,6.0,7.65,6.85,7.65,0.0,1.0,1.0,1.0,1.0
2005,30,M,Particular,1987,ECUADOR,GUAYAQUIL,TERCER NIVEL (PREGRADO),ICM01941,2005,1S,8.55,8.0,8.7,8.9,7.95,0.0,1.0,1.0,1.0,1.0
2005,12,F,Particular,1987,ECUADOR,GUAYAQUIL,TERCER NIVEL (PREGRADO),ICM01941,2005,1S,6.85,6.025,6.9,6.35,6.25,0.0,2.0,2.0,1.0,1.0
2005,17,M,Particular,1987,ECUADOR,GUAYAQUIL,TERCER NIVEL (PREGRADO),ICM01941,2005,1S,5.9,7.45,8.3,6.45,7.85,1.0,1.0,1.0,1.0,1.0
2005,5,M,Nacional,1986,ECUADOR,LATACUNGA,TERCER NIVEL (PREGRADO),ICM01941,2005,2S,3.525,6.6,6.3,6.8,6.525,1.0,1.0,2.0,1.0,2.0
2005,8,F,Nacional,1987,ECUADOR,GUAYAQUIL,TERCER NIVEL (PREGRADO),ICM01941,2005,1S,6.0,6.0,6.175000000000001,7.85,7.0,0.0,1.0,2.0,1.0,1.0
2005,16,M,Particular,1987,ECUADOR,MACHALA,TERCER NIVEL (PREGRADO),ICM01941,2005,1S,5.9,6.225,7.1,6.35,7.05,1.0,2.0,1.0,1.0,1.0
2005,10,M,Particular,1987,ECUADOR,GUAYAQUIL,TERCER NIVEL (PREGRADO),ICM01941,2005,1S,6.7,5.983333333333333,7.1,7.6,6.75,0.0,3.0,1.0,1.0,1.0
2005,5,M,Nacional,1987,ECUADOR,SANTO DOMINGO,TERCER NIVEL (PREGRADO),ICM01941,2005,3S,5.675,5.233333333333333,4.225,6.55,7.1,1.0,3.0,2.0,1.0,1.0
2005,8,F,Nacional,1988,ECUADOR,GUAYAQUIL,TERCER NIVEL (PREGRADO),ICM01941,2005,2S,6.05,6.15,6.6,6.1,7.1,0.0,1.0,1.0,1.0,1.0
2005,4,F,Nacional,1989,ECUADOR,GUAYAQUIL,TERCER NIVEL (PREGRADO),ICM01941,2005,1S,6.15,6.5,6.55,6.25,6.35,1.0,1.0,1.0,1.0,1.0
2005,8,M,Particular,1987,ECUADOR,BABAHOYO,TERCER NIVEL (PREGRADO),ICM01941,2005,2S,7.15,6.4,6.3,7.55,8.2,0.0,1.0,1.0,1.0,1.0
2005,8,M,Particular,1988,ECUADOR,BABAHOYO,TERCER NIVEL (PREGRADO),ICM01941,2005,1S,6.8,7.05,7.25,6.55,7.65,0.0,1.0,1.0,1.0,1.0
2005,3,M,Particular,1986,ECUADOR,GUAYAQUIL,TERCER NIVEL (PREGRADO),ICM01941,2005,2S,6.4,6.2,6.8,6.0,7.45,0.0,1.0,1.0,1.0,1.0
2005,11,M,Particular,1987,ECUADOR,PUYO,TERCER NIVEL (PREGRADO),ICM01941,2005,1S,6.0,6.25,5.85,5.975,6.3,0.0,1.0,2.0,2.0,1.0
2005,5,M,Nacional,1986,ECUADOR,GUAYAQUIL,TERCER NIVEL (PREGRADO),ICM01941,2005,1S,6.05,6.25,6.85,6.95,8.8,0.0,1.0,1.0,1.0,1.0
2005,34,M,Particular,1987,ECUADOR,GUAYAQUIL,TERCER NIVEL (PREGRADO),ICM01941,2005,2S,9.3,6.65,7.55,9.25,9.45,0.0,1.0,1.0,1.0,1.0
2005,15,F,Particular,1987,ECUADOR,GUAYAQUIL,TERCER NIVEL (PREGRADO),ICM01941,2005,1S,6.1,5.725,6.5,6.45,4.925,0.0,2.0,2.0,1.0,2.0
2005,8,M,Particular,1987,ECUADOR,BABAHOYO,TERCER NIVEL (PREGRADO),ICM01941,2005,2S,7.3,4.525,6.05,6.45,5.375,0.0,2.0,1.0,1.0,2.0
2005,17,M,Particular,1987,ECUADOR,MACHALA,TERCER NIVEL (PREGRADO),ICM01941,2005,1S,6.05,6.5,6.324999999999999,5.775,5.875,0.0,1.0,2.0,2.0,2.0
2005,16,F,Particular,1989,ECUADOR,GUAYAQUIL,TERCER NIVEL (PREGRADO),ICM01941,2005,3S,6.25,8.6,6.85,6.1,8.75,0.0,1.0,2.0,1.0,1.0
2005,11,M,Particular,1987,ECUADOR,GUAYAQUIL,TERCER NIVEL (PREGRADO),ICM01941,2005,1S,6.6,5.75,6.25,7.0,6.35,0.0,2.0,1.0,1.0,1.0
2005,24,M,Particular,1986,ECUADOR,GUAYAQUIL,TERCER NIVEL (PREGRADO),ICM01941,2005,1S,6.35,6.55,8.4,6.3,7.95,0.0,1.0,1.0,1.0,1.0
2005,7,M,Particular,1988,ECUADOR,GUAYAQUIL,TERCER NIVEL (PREGRADO),ICM01941,2005,1S,7.2,7.15,8.3,8.8,8.2,0.0,1.0,1.0,1.0,1.0
2005,24,M,Particular,1987,ECUADOR,GUAYAQUIL,TERCER NIVEL (PREGRADO),ICM01941,2005,1S,6.875,6.35,6.0,6.55,7.2,1.0,1.0,1.0,2.0,1.0
2005,7,M,Nacional,1986,ECUADOR,CATACOCHA,TERCER NIVEL (PREGRADO),ICM01941,2005,1S,6.4,7.65,9.2,8.55,7.4,0.0,1.0,1.0,1.0,1.0
2005,3,M,Nacional,1986,ECUADOR,BUENA FE,TERCER NIVEL (PREGRADO),ICM01941,2005,1S,6.05,6.0,7.3,7.1,6.95,0.0,1.0,1.0,1.0,1.0
2005,15,M,Particular,1988,ECUADOR,QUITO,TERCER NIVEL (PREGRADO),ICM00604,2006,1S,6.2,6.1,8.15,6.0,6.95,0.0,1.0,1.0,1.0,1.0
2005,13,M,Particular,1988,ECUADOR,GUAYAQUIL,TERCER NIVEL (PREGRADO),ICM01941,2006,1S,6.55,6.875,6.25,6.25,6.8,0.0,2.0,1.0,1.0,1.0
2005,15,F,Particular,1986,ECUADOR,GUAYAQUIL,TERCER NIVEL (PREGRADO),ICM01941,2005,1S,6.4,6.35,8.55,9.0,7.45,0.0,1.0,1.0,1.0,1.0
2005,32,M,Particular,1988,ECUADOR,GUAYAQUIL,TERCER NIVEL (PREGRADO),ICM01941,2006,1S,6.0,5.6,6.7,5.375,6.0,0.0,2.0,1.0,2.0,1.0
2005,9,M,Particular,1988,ECUADOR,ANCON,TERCER NIVEL (PREGRADO),ICM01941,2005,1S,7.1,6.5,7.45,7.7,6.05,0.0,1.0,1.0,1.0,1.0
2005,8,M,Particular,1988,ECUADOR,GUAYAQUIL,TERCER NIVEL (PREGRADO),ICM00604,2005,3S,7.45,7.25,7.1,8.25,8.6,0.0,1.0,1.0,1.0,1.0
2005,25,M,Particular,1988,ECUADOR,GUAYAQUIL,TERCER NIVEL (PREGRADO),ICM01941,2006,1S,8.3,9.6,9.0,9.6,9.95,0.0,1.0,1.0,1.0,1.0
2005,11,F,Nacional,1987,ECUADOR,GUAYAQUIL,TERCER NIVEL (PREGRADO),ICM01941,2005,2S,9.25,9.45,9.85,9.75,10.0,0.0,1.0,1.0,1.0,1.0
2005,3,M,Nacional,1985,ECUADOR,GUAYAQUIL,TERCER NIVEL (PREGRADO),ICM01941,2005,2S,6.55,6.9,8.25,9.0,6.0,0.0,1.0,1.0,1.0,1.0
2005,7,M,Particular,1986,ECUADOR,GUAYAQUIL,TERCER NIVEL (PREGRADO),ICM01941,2005,1S,5.525,8.4,8.0,8.85,8.7,1.0,1.0,1.0,1.0,1.0
2005,10,M,Particular,1987,ECUADOR,GUAYAQUIL,TERCER NIVEL (PREGRADO),ICM01941,2005,1S,7.5,9.05,8.7,10.0,8.3,0.0,1.0,1.0,1.0,1.0
2005,30,F,Particular,1986,ECUADOR,GUAYAQUIL,TERCER NIVEL (PREGRADO),ICM01941,2005,1S,6.25,5.6,6.0,4.475,6.0,0.0,2.0,1.0,2.0,1.0
2005,8,M,Particular,1987,ECUADOR,GUAYAQUIL,TERCER NIVEL (PREGRADO),ICM01941,2005,2S,6.25,6.95,6.75,7.45,6.85,0.0,1.0,1.0,1.0,1.0
2005,30,M,Particular,1986,ECUADOR,GUAYAQUIL,TERCER NIVEL (PREGRADO),ICM01941,2005,2S,6.15,6.05,7.5,8.45,7.65,0.0,1.0,1.0,1.0,1.0
2005,8,F,Fiscal,1987,ECUADOR,GUAYAQUIL,TERCER NIVEL (PREGRADO),ICM01941,2005,2S,7.7,7.3,8.45,7.6,7.85,0.0,1.0,1.0,1.0,1.0
2005,27,F,Particular,1987,ECUADOR,GUAYAQUIL,TERCER NIVEL (PREGRADO),ICM01941,2005,1S,6.65,7.85,6.5,7.2,6.4,0.0,1.0,2.0,1.0,1.0
2005,10,M,Particular,1987,ECUADOR,GUAYAQUIL,TERCER NIVEL (PREGRADO),ICM01941,2005,2S,6.95,6.0,6.6,6.7,8.65,0.0,1.0,1.0,1.0,1.0
2005,10,M,Fisco-Misional,1985,ECUADOR,GUAYAQUIL,TERCER NIVEL (PREGRADO),ICM01941,2005,2S,6.3,6.05,6.825,7.5,6.75,0.0,1.0,2.0,1.0,2.0
2005,11,M,Particular,1987,ECUADOR,GUAYAQUIL,TERCER NIVEL (PREGRADO),ICM01941,2006,1S,6.85,5.05,7.4,6.6,6.95,0.0,2.0,1.0,1.0,1.0
2005,8,M,Nacional,1987,ECUADOR,GUAYAQUIL,TERCER NIVEL (PREGRADO),ICM01941,2005,2S,7.2,6.1,7.75,7.15,7.15,0.0,1.0,1.0,1.0,1.0
2005,9,F,Particular,1987,ECUADOR,GUAYAQUIL,TERCER NIVEL (PREGRADO),ICM01941,2005,2S,6.95,7.4,6.4,9.4,8.7,0.0,1.0,1.0,1.0,1.0
2005,8,M,Nacional,1986,ECUADOR,GUAYAQUIL,TERCER NIVEL (PREGRADO),ICM01941,2005,2S,5.824999999999999,6.7,6.65,7.35,7.0,1.0,1.0,1.0,1.0,1.0
2005,7,M,Particular,1989,ECUADOR,GUAYAQUIL,TERCER NIVEL (PREGRADO),ICM01941,2005,2S,6.95,7.9,9.75,8.7,9.95,0.0,1.0,1.0,1.0,1.0
2005,31,M,Particular,1987,ECUADOR,GUAYAQUIL,TERCER NIVEL (PREGRADO),ICM01941,2005,2S,6.9,6.05,8.65,6.85,7.0,0.0,1.0,1.0,1.0,1.0
2005,5,F,Nacional,1987,ECUADOR,GUAYAQUIL,TERCER NIVEL (PREGRADO),ICM01941,2005,2S,6.75,6.025,5.4,6.875,6.65,0.0,2.0,2.0,2.0,1.0
2005,7,M,Nacional,1986,ECUADOR,GUAYAQUIL,TERCER NIVEL (PREGRADO),ICM01941,2005,2S,6.574999999999999,7.3,6.050000000000001,7.25,7.2,1.0,1.0,2.0,1.0,1.0
2005,23,M,Particular,1988,ECUADOR,GUAYAQUIL,TERCER NIVEL (PREGRADO),ICM00604,2005,3S,6.65,6.05,7.7,7.7,6.8,0.0,1.0,1.0,1.0,1.0
2005,8,M,Fiscal,1983,ECUADOR,QUITO,TERCER NIVEL (PREGRADO),ICM01941,2006,1S,8.0,6.15,7.1,6.15,7.6,0.0,1.0,1.0,1.0,1.0
2005,30,M,Particular,1987,ECUADOR,GUAYAQUIL,TERCER NIVEL (PREGRADO),ICM01941,2006,1S,6.75,7.074999999999999,6.35,6.3,6.7,0.0,2.0,1.0,1.0,1.0
2005,8,M,Fiscal,1987,ECUADOR,GUAYAQUIL,TERCER NIVEL (PREGRADO),ICM01941,2006,1S,7.05,7.8,7.3,6.525,7.1,0.0,1.0,1.0,2.0,1.0
2005,10,M,Particular,1987,ECUADOR,PIÑAS,TERCER NIVEL (PREGRADO),ICM01941,2006,1S,6.15,5.483333333333333,6.05,4.675,7.6,0.0,3.0,1.0,2.0,1.0
2005,28,M,Particular,1987,ECUADOR,GUAYAQUIL,TERCER NIVEL (PREGRADO),ICM01941,2005,2S,6.2,6.05,8.65,8.3,8.7,0.0,1.0,1.0,1.0,1.0
2005,6,F,Particular,1986,ECUADOR,GUAYAQUIL,TERCER NIVEL (PREGRADO),ICM01941,2005,2S,7.7,7.5,7.0,8.35,9.4,0.0,1.0,1.0,1.0,1.0
2005,15,F,Particular,1988,ECUADOR,GUAYAQUIL,TERCER NIVEL (PREGRADO),ICM01941,2005,2S,6.05,6.45,6.25,6.8,6.6,0.0,1.0,1.0,1.0,1.0
2005,5,M,Particular,1987,ECUADOR,GUAYAQUIL,TERCER NIVEL (PREGRADO),ICM01941,2006,1S,5.55,6.15,6.225,6.7,6.75,1.0,1.0,2.0,1.0,1.0
2005,24,M,Particular,1988,ECUADOR,GUAYAQUIL,TERCER NIVEL (PREGRADO),ICM00604,2006,1S,6.55,6.775,6.0,6.65,7.3,0.0,2.0,1.0,1.0,1.0
2005,9,M,Particular,1987,ECUADOR,GUAYAQUIL,TERCER NIVEL (PREGRADO),ICM01941,2006,1S,9.0,7.85,8.35,7.4,8.05,0.0,1.0,1.0,1.0,1.0
2006,28,M,Particular,1987,ECUADOR,GUAYAQUIL,TERCER NIVEL (PREGRADO),ICM00604,2005,3S,6.0,8.3,8.8,6.5,7.2,0.0,1.0,1.0,1.0,1.0
2006,10,M,Particular,1988,ECUADOR,GUAYAQUIL,TERCER NIVEL (PREGRADO),ICM00604,2005,3S,8.85,9.45,10.0,9.85,9.7,0.0,1.0,1.0,1.0,1.0
2006,10,M,Particular,1988,ECUADOR,GUAYAQUIL,TERCER NIVEL (PREGRADO),ICM01941,2006,1S,8.15,8.9,9.2,9.2,7.5,0.0,1.0,1.0,1.0,1.0
2006,10,M,Particular,1988,ECUADOR,SANTA ELENA,TERCER NIVEL (PREGRADO),ICM01941,2006,1S,6.05,6.0,6.8,6.1,7.1,0.0,1.0,1.0,2.0,1.0
2006,8,M,Particular,1988,ECUADOR,GUAYAQUIL,TERCER NIVEL (PREGRADO),ICM01941,2006,1S,6.6,6.6,7.55,6.225,6.225,0.0,2.0,1.0,2.0,2.0
2006,9,F,Particular,1988,ECUADOR,GUAYAQUIL,TERCER NIVEL (PREGRADO),ICM01941,2006,1S,6.95,6.55,6.8,6.3,7.2,0.0,1.0,1.0,1.0,1.0
2006,8,M,Fiscal,1989,ECUADOR,GUAYAQUIL,TERCER NIVEL (PREGRADO),ICM01941,2006,1S,8.3,6.875,7.65,6.75,7.75,0.0,2.0,1.0,1.0,1.0
2006,14,M,Particular,1988,ECUADOR,GUAYAQUIL,TERCER NIVEL (PREGRADO),ICM01941,2006,1S,6.6,6.675000000000001,6.2,5.7,6.2,0.0,2.0,1.0,2.0,1.0
2006,3,M,Fiscal,1987,ECUADOR,GUAYAQUIL,TERCER NIVEL (PREGRADO),ICM01941,2006,1S,6.0,6.95,6.0,6.0,6.2,0.0,1.0,1.0,1.0,1.0
2006,10,F,Particular,1988,ECUADOR,SALINAS,TERCER NIVEL (PREGRADO),ICM01941,2006,1S,7.0,6.0,6.8,6.75,7.05,0.0,1.0,1.0,1.0,1.0
2006,9,F,Particular,1987,ECUADOR,LA LIBERTAD,TERCER NIVEL (PREGRADO),ICM01941,2006,1S,6.3,5.7,6.65,6.1,6.55,0.0,2.0,1.0,2.0,1.0
2006,15,M,Particular,1988,ECUADOR,PORTOVIEJO,TERCER NIVEL (PREGRADO),ICM01941,2006,1S,7.35,6.8,6.45,7.1,6.0,0.0,1.0,1.0,1.0,1.0
2006,10,M,Particular,1988,ECUADOR,QUEVEDO,TERCER NIVEL (PREGRADO),ICM01941,2006,1S,7.9,6.35,7.55,7.35,7.25,0.0,1.0,1.0,1.0,1.0
2006,10,M,Particular,1988,ECUADOR,GUAYAQUIL,TERCER NIVEL (PREGRADO),ICM01941,2006,1S,7.15,6.05,6.55,6.35,6.5,0.0,1.0,1.0,2.0,2.0
2006,10,F,Particular,1988,ECUADOR,GUAYAQUIL,TERCER NIVEL (PREGRADO),ICM01941,2006,1S,7.9,7.25,8.8,7.75,6.0,0.0,1.0,1.0,1.0,1.0
2006,12,M,Particular,1988,ECUADOR,GUAYAQUIL,TERCER NIVEL (PREGRADO),ICM01941,2006,1S,7.3,6.95,6.0,6.65,6.1,0.0,1.0,1.0,1.0,1.0
2006,9,F,Particular,1988,ECUADOR,GUAYAQUIL,TERCER NIVEL (PREGRADO),ICM01941,2006,1S,7.85,7.2,8.45,7.75,7.75,0.0,1.0,1.0,1.0,1.0
2006,22,M,Particular,1989,ECUADOR,MACHALA,TERCER NIVEL (PREGRADO),ICM01941,2006,1S,6.125,6.5,6.8,6.15,8.05,1.0,1.0,1.0,1.0,1.0
2006,18,M,Particular,1987,ECUADOR,GUAYAQUIL,TERCER NIVEL (PREGRADO),ICM01941,2006,1S,7.15,5.125,7.05,7.25,6.3,0.0,2.0,1.0,1.0,1.0
2006,10,F,Particular,1989,ECUADOR,LA LIBERTAD,TERCER NIVEL (PREGRADO),ICM01941,2006,1S,7.3,6.275,6.05,6.85,6.0,0.0,2.0,1.0,1.0,1.0
2006,8,M,Particular,1987,ECUADOR,LA LIBERTAD,TERCER NIVEL (PREGRADO),ICM01941,2006,1S,6.75,6.5,7.35,6.45,7.35,0.0,1.0,1.0,1.0,1.0
2006,8,F,Particular,1988,ECUADOR,GUAYAQUIL,TERCER NIVEL (PREGRADO),ICM01941,2006,1S,7.6,7.3,6.75,6.6,7.4,0.0,1.0,1.0,1.0,1.0
2006,8,M,Particular,1988,ECUADOR,GUAYAQUIL,TERCER NIVEL (PREGRADO),ICM01941,2006,1S,7.4,8.35,8.1,6.85,8.05,0.0,1.0,1.0,1.0,1.0
2006,6,M,Nacional,1988,ECUADOR,GUAYAQUIL,TERCER NIVEL (PREGRADO),ICM01941,2006,1S,6.75,9.15,7.8,9.35,9.0,0.0,1.0,1.0,1.0,1.0
2006,22,F,Particular,1987,ECUADOR,GUAYAQUIL,TERCER NIVEL (PREGRADO),ICM01941,2006,1S,6.35,6.1,9.65,8.05,7.45,0.0,1.0,1.0,1.0,1.0
2006,11,F,Particular,1988,ECUADOR,SANTA ELENA,TERCER NIVEL (PREGRADO),ICM01941,2006,1S,8.85,7.15,6.85,7.7,8.5,0.0,1.0,1.0,1.0,1.0
2006,15,F,Particular,1988,ECUADOR,GUAYAQUIL,TERCER NIVEL (PREGRADO),ICM01941,2006,1S,7.55,7.4,8.15,7.4,8.9,0.0,1.0,1.0,1.0,1.0
2006,22,F,Particular,1989,ECUADOR,GUAYAQUIL,TERCER NIVEL (PREGRADO),ICM01941,2007,1S,7.5,6.15,7.6,6.75,8.25,0.0,1.0,1.0,1.0,1.0
2006,17,M,Particular,1988,ECUADOR,PORTOVIEJO,TERCER NIVEL (PREGRADO),ICM01941,2006,1S,6.3,6.300000000000001,6.45,5.425000000000001,6.85,0.0,2.0,1.0,2.0,1.0
2006,4,F,Particular,1988,ECUADOR,GUAYAQUIL,TERCER NIVEL (PREGRADO),ICM01941,2006,1S,6.4,6.0,6.875,6.0,6.95,0.0,1.0,2.0,1.0,1.0
2006,5,F,Nacional,1999,ECUADOR,GUAYAQUIL,TERCER NIVEL (PREGRADO),ICM01941,2006,2S,6.3,6.05,6.7,6.2,6.05,0.0,1.0,1.0,1.0,1.0
2006,7,F,Particular,1988,ECUADOR,GUAYAQUIL,TERCER NIVEL (PREGRADO),ICM01941,2006,1S,6.2,8.0,6.65,6.05,8.0,0.0,1.0,1.0,1.0,1.0
2006,15,F,Particular,1988,ECUADOR,GUAYAQUIL,TERCER NIVEL (PREGRADO),ICM01941,2006,1S,7.1,5.375,6.5,7.2,6.55,0.0,2.0,1.0,1.0,2.0
2006,9,M,Particular,1987,ECUADOR,GUAYAQUIL,TERCER NIVEL (PREGRADO),ICM00604,2005,3S,6.0,6.125,6.45,6.75,6.8,0.0,2.0,1.0,1.0,1.0
2006,7,F,Particular,1987,ECUADOR,QUITO,TERCER NIVEL (PREGRADO),ICM01941,2006,1S,7.95,8.3,8.0,7.15,8.1,0.0,1.0,1.0,1.0,1.0
2006,25,F,Particular,1989,ECUADOR,GUAYAQUIL,TERCER NIVEL (PREGRADO),ICM01941,2006,1S,6.15,6.0,6.2,6.5,6.0,0.0,1.0,1.0,1.0,1.0
2006,9,M,Particular,1988,ECUADOR,GUAYAQUIL,TERCER NIVEL (PREGRADO),ICM00604,2006,1S,7.0,7.95,8.8,7.85,6.85,0.0,1.0,1.0,1.0,1.0
2006,9,F,Nacional,1988,ECUADOR,PIÑAS,TERCER NIVEL (PREGRADO),ICM01941,2006,1S,8.05,6.6,8.15,7.8,6.0,0.0,1.0,1.0,1.0,1.0
2006,8,M,Nacional,1988,ECUADOR,PIÑAS,TERCER NIVEL (PREGRADO),ICM01941,2006,1S,6.0,5.675,8.0,6.1,6.2,0.0,2.0,1.0,2.0,1.0
2006,16,M,Particular,1987,ECUADOR,GUAYAQUIL,TERCER NIVEL (PREGRADO),ICM01941,2006,1S,6.05,5.55,6.15,3.8,4.675,0.0,3.0,1.0,2.0,2.0
2006,13,M,Particular,1989,ECUADOR,MILAGRO,TERCER NIVEL (PREGRADO),ICM01941,2006,1S,6.65,5.9,7.2,6.0,6.7,0.0,2.0,1.0,1.0,1.0
2006,13,M,Particular,1988,ECUADOR,GUAYAQUIL,TERCER NIVEL (PREGRADO),ICM01941,2006,1S,6.0,5.75,6.85,5.5,5.574999999999999,0.0,2.0,1.0,2.0,2.0
2006,12,F,Particular,1988,ECUADOR,MACHALA,TERCER NIVEL (PREGRADO),ICM01941,2006,1S,6.3,6.6,8.05,6.3,6.55,0.0,1.0,1.0,1.0,1.0
2006,12,F,Particular,1988,ECUADOR,GUAYAQUIL,TERCER NIVEL (PREGRADO),ICM01941,2006,1S,5.275,5.275,6.05,5.6,6.65,1.0,2.0,1.0,2.0,1.0
2006,8,M,Particular,1988,ECUADOR,SANTA ROSA,TERCER NIVEL (PREGRADO),ICM00604,2006,1S,6.65,6.65,6.75,6.25,6.0,0.0,1.0,1.0,1.0,1.0
2006,13,M,Particular,1988,ECUADOR,GUAYAQUIL,TERCER NIVEL (PREGRADO),ICM01941,2006,1S,6.05,6.216666666666666,7.15,6.3,7.5,0.0,3.0,1.0,1.0,1.0
2006,22,M,Particular,1988,ECUADOR,GUAYAQUIL,TERCER NIVEL (PREGRADO),ICM01941,2006,1S,6.4,6.3,7.45,6.55,7.0,0.0,1.0,1.0,1.0,2.0
2006,9,F,Particular,1989,ECUADOR,GUAYAQUIL,TERCER NIVEL (PREGRADO),ICM01941,2006,1S,6.3,6.0,6.0,6.85,7.75,0.0,1.0,1.0,1.0,1.0
2006,33,F,Particular,1987,ECUADOR,GUAYAQUIL,TERCER NIVEL (PREGRADO),ICM01941,2006,1S,6.8,8.9,7.75,8.8,8.8,0.0,1.0,1.0,1.0,1.0
2006,6,M,Nacional,1990,ECUADOR,GUAYAQUIL,TERCER NIVEL (PREGRADO),ICM01941,2006,1S,6.4,6.05,6.75,6.0,6.0,0.0,1.0,1.0,1.0,1.0
2006,21,M,Particular,1988,ECUADOR,GUAYAQUIL,TERCER NIVEL (PREGRADO),ICM01941,2006,1S,4.275,6.9,5.25,6.35,5.85,1.0,1.0,2.0,1.0,2.0
2006,10,M,Instituto,1988,ECUADOR,MACHALA,TERCER NIVEL (PREGRADO),ICM01941,2006,1S,2.1,4.525,6.9,4.45,6.15,0.0,2.0,1.0,2.0,1.0
2006,9,M,Nacional,1988,ECUADOR,GUAYAQUIL,TERCER NIVEL (PREGRADO),ICM01941,2006,1S,6.0,6.275,7.25,7.050000000000001,8.0,0.0,2.0,1.0,2.0,1.0
2006,8,F,Particular,1988,ECUADOR,M. MARIDUENA,TERCER NIVEL (PREGRADO),ICM01941,2006,1S,7.1,7.3,8.35,7.15,6.65,0.0,1.0,1.0,1.0,1.0
2006,9,F,Fiscal,1988,ECUADOR,GUAYAQUIL,TERCER NIVEL (PREGRADO),ICM01941,2006,1S,6.75,7.25,8.25,8.1,7.2,0.0,2.0,1.0,1.0,1.0
2006,8,M,Fisco-Misional,1988,ECUADOR,GUAYAQUIL,TERCER NIVEL (PREGRADO),ICM01941,2006,1S,6.25,8.3,6.0,6.6,6.0,0.0,1.0,1.0,1.0,1.0
2006,8,F,Particular,1985,ECUADOR,BAHIA DE CARAQUEZ,TERCER NIVEL (PREGRADO),ICM01941,2006,1S,8.1,8.8,9.0,7.75,9.0,0.0,1.0,1.0,1.0,1.0
2006,20,M,Particular,1988,ECUADOR,PORTOVIEJO,TERCER NIVEL (PREGRADO),ICM01941,2006,1S,9.0,9.0,7.55,9.1,9.75,0.0,1.0,1.0,1.0,1.0
2006,8,F,Particular,1989,ECUADOR,GUAYAQUIL,TERCER NIVEL (PREGRADO),ICM01941,2006,1S,10.0,9.45,9.2,9.8,9.45,0.0,1.0,1.0,1.0,1.0
2006,10,M,Particular,1987,ECUADOR,GUAYAQUIL,TERCER NIVEL (PREGRADO),ICM01941,2006,1S,8.0,7.75,6.1,8.15,8.45,0.0,1.0,1.0,1.0,1.0
2006,7,M,Instituto,1987,ECUADOR,ZARUMA,TERCER NIVEL (PREGRADO),ICM01941,2006,1S,7.25,7.9,10.0,10.0,8.4,0.0,1.0,1.0,1.0,1.0
2006,8,M,Particular,1988,ECUADOR,ZARUMA,TERCER NIVEL (PREGRADO),ICM01941,2006,1S,6.85,8.1,9.25,7.3,8.3,0.0,1.0,1.0,1.0,1.0
2006,10,F,Nacional,1989,ECUADOR,GUAYAQUIL,TERCER NIVEL (PREGRADO),ICM01941,2006,1S,8.2,6.4,8.0,6.25,6.95,0.0,2.0,1.0,1.0,1.0
2006,14,M,Particular,1988,ECUADOR,GUAYAQUIL,TERCER NIVEL (PREGRADO),ICM01941,2006,1S,7.55,8.3,9.25,7.1,8.95,0.0,1.0,1.0,1.0,1.0
2006,25,M,Particular,1988,ECUADOR,GUAYAQUIL,TERCER NIVEL (PREGRADO),ICM01941,2006,1S,7.05,6.45,6.9,7.1,7.85,0.0,1.0,1.0,1.0,1.0
2006,9,F,Particular,1988,ECUADOR,GUAYAQUIL,TERCER NIVEL (PREGRADO),ICM01941,2006,1S,7.05,6.0,6.9,6.0,6.75,0.0,1.0,1.0,1.0,1.0
2006,8,F,Nacional,1989,ECUADOR,MILAGRO,TERCER NIVEL (PREGRADO),ICM01941,2006,1S,7.45,6.05,6.35,6.25,7.95,0.0,2.0,1.0,1.0,1.0
2006,15,M,Particular,1988,ECUADOR,GUAYAQUIL,TERCER NIVEL (PREGRADO),ICM01941,2006,1S,8.9,7.0,7.05,8.4,8.5,0.0,1.0,1.0,1.0,1.0
2006,5,F,Fiscal,1988,ECUADOR,GUAYAQUIL,TERCER NIVEL (PREGRADO),ICM01941,2006,1S,6.65,6.7,7.35,6.2,6.199999999999999,0.0,1.0,1.0,1.0,2.0
2006,14,F,Particular,1988,ECUADOR,GUAYAQUIL,TERCER NIVEL (PREGRADO),ICM01941,2006,1S,6.125,7.35,6.45,5.949999999999999,5.699999999999999,1.0,1.0,1.0,2.0,2.0
2006,15,F,Particular,1988,ECUADOR,GUAYAQUIL,TERCER NIVEL (PREGRADO),ICM01941,2006,1S,6.25,6.6,6.1,6.2,6.3,0.0,2.0,1.0,1.0,2.0
2006,7,F,Particular,1988,ECUADOR,JIPIJAPA,TERCER NIVEL (PREGRADO),ICM00604,2006,1S,6.0,7.95,7.7,7.05,6.85,0.0,1.0,1.0,1.0,1.0
2006,9,M,Nacional,1988,ECUADOR,QUEVEDO,TERCER NIVEL (PREGRADO),ICM01941,2006,1S,4.683333333333333,5.875,7.55,8.3,7.05,2.0,2.0,1.0,1.0,1.0
2006,16,M,Particular,1988,ECUADOR,GUAYAQUIL,TERCER NIVEL (PREGRADO),ICM01941,2006,1S,8.1,6.55,7.85,6.6,8.3,0.0,1.0,1.0,1.0,1.0
2006,9,M,Fisco-Misional,1987,ECUADOR,GUAYAQUIL,TERCER NIVEL (PREGRADO),ICM01941,2006,1S,6.6,6.9,6.7,6.800000000000001,6.35,0.0,2.0,1.0,2.0,1.0
2006,7,M,Nacional,1988,ECUADOR,MILAGRO,TERCER NIVEL (PREGRADO),ICM00604,2006,2S,5.075,5.333333333333333,6.05,6.2,4.716666666666667,1.0,3.0,1.0,1.0,3.0
2006,3,F,Fiscal,1987,ECUADOR,GENERAL VILLAMIL,TERCER NIVEL (PREGRADO),ICM01941,2006,1S,6.05,7.15,6.95,6.225,7.75,0.0,1.0,1.0,2.0,1.0
2006,11,M,Particular,1988,ECUADOR,GUAYAQUIL,TERCER NIVEL (PREGRADO),ICM01941,2006,1S,6.55,6.3,6.7,6.55,6.375,0.0,1.0,1.0,1.0,2.0
2006,34,M,Particular,1988,ECUADOR,GUAYAQUIL,TERCER NIVEL (PREGRADO),ICM01941,2006,2S,7.05,6.25,6.8,6.0,7.1,0.0,1.0,1.0,1.0,1.0
2006,33,M,Particular,1988,ECUADOR,GUAYAQUIL,TERCER NIVEL (PREGRADO),ICM01941,2006,1S,7.15,5.324999999999999,7.3,6.0,7.0,0.0,2.0,1.0,1.0,1.0
2006,7,F,Fiscal,1989,ECUADOR,BABAHOYO,TERCER NIVEL (PREGRADO),ICM01941,2006,1S,6.9,7.25,8.0,6.85,8.8,0.0,1.0,1.0,2.0,1.0
2006,25,M,Particular,1989,ECUADOR,GUAYAQUIL,TERCER NIVEL (PREGRADO),ICM01941,2006,1S,6.85,6.05,6.35,6.6,7.25,0.0,1.0,1.0,1.0,1.0
2006,10,M,Particular,1988,ECUADOR,MACHALA,TERCER NIVEL (PREGRADO),ICM01941,2006,1S,3.2,6.1,8.8,6.375,6.475,1.0,1.0,1.0,2.0,2.0
2006,7,M,Particular,1988,ECUADOR,PORTOVIEJO,TERCER NIVEL (PREGRADO),ICM01941,2006,1S,6.85,7.85,9.1,8.25,8.1,0.0,1.0,1.0,1.0,1.0
2006,17,F,Particular,1989,ECUADOR,SANTO DOMINGO,TERCER NIVEL (PREGRADO),ICM01941,2006,1S,6.4,6.05,6.95,6.8,6.2,0.0,1.0,1.0,1.0,1.0
2006,15,M,Particular,1988,ECUADOR,GUAYAQUIL,TERCER NIVEL (PREGRADO),ICM01941,2006,1S,6.5,6.25,7.9,7.15,8.5,0.0,1.0,1.0,1.0,1.0
2006,14,M,Particular,1988,ECUADOR,GUAYAQUIL,TERCER NIVEL (PREGRADO),ICM01941,2006,1S,6.8,4.075,6.25,6.4,7.6,0.0,2.0,1.0,1.0,1.0
2006,6,F,Nacional,1988,ECUADOR,GUAYAQUIL,TERCER NIVEL (PREGRADO),ICM01941,2006,1S,6.55,8.7,7.15,7.85,7.6,0.0,1.0,1.0,1.0,1.0
2006,24,M,Particular,1988,ECUADOR,GUAYAQUIL,TERCER NIVEL (PREGRADO),ICM01941,2006,1S,7.15,8.15,8.4,6.75,7.5,0.0,1.0,1.0,1.0,1.0
2006,15,M,Particular,1988,ECUADOR,GUAYAQUIL,TERCER NIVEL (PREGRADO),ICM01941,2006,1S,8.0,5.75,6.55,6.0,6.85,0.0,2.0,1.0,1.0,1.0
2006,8,M,Fisco-Misional,1988,ECUADOR,GUAYAQUIL,TERCER NIVEL (PREGRADO),ICM01941,2006,1S,6.85,6.3,8.5,6.2,8.15,0.0,1.0,1.0,1.0,1.0
2006,5,M,Particular,1988,ECUADOR,GUAYAQUIL,TERCER NIVEL (PREGRADO),ICM01941,2006,1S,8.6,8.0,8.3,8.95,8.4,0.0,1.0,1.0,1.0,1.0
2006,3,M,Nacional,1988,ECUADOR,GUAYAQUIL,TERCER NIVEL (PREGRADO),ICM01941,2006,1S,6.05,7.8,8.3,7.4,7.5,0.0,1.0,1.0,1.0,1.0
2006,32,M,Particular,1988,ECUADOR,GUAYAQUIL,TERCER NIVEL (PREGRADO),ICM01941,2006,1S,6.75,7.25,8.2,7.0,6.7,0.0,1.0,1.0,2.0,1.0
2006,8,F,Particular,1988,ECUADOR,M. MARIDUENA,TERCER NIVEL (PREGRADO),ICM01941,2006,1S,7.0,6.3,6.05,6.1,6.4,0.0,1.0,1.0,1.0,1.0
2006,20,M,Particular,1988,ECUADOR,GUAYAQUIL,TERCER NIVEL (PREGRADO),ICM01941,2006,1S,9.5,9.1,9.25,9.15,9.6,0.0,1.0,1.0,1.0,1.0
2006,26,M,Particular,1988,ECUADOR,GUAYAQUIL,TERCER NIVEL (PREGRADO),ICM00604,2006,1S,7.25,7.35,8.75,7.35,7.85,0.0,1.0,1.0,1.0,1.0
2006,5,M,Fiscal,1988,ECUADOR,GUAYAQUIL,TERCER NIVEL (PREGRADO),ICM01941,2006,1S,6.3,6.85,7.65,8.0,8.2,0.0,1.0,1.0,1.0,1.0
2006,9,F,Particular,1988,ECUADOR,GUAYAQUIL,TERCER NIVEL (PREGRADO),ICM01941,2006,1S,6.35,6.5,8.0,6.55,6.0,1.0,1.0,1.0,1.0,1.0
2006,10,M,Particular,1988,ECUADOR,GUAYAQUIL,TERCER NIVEL (PREGRADO),ICM01941,2006,1S,6.65,8.35,8.25,6.05,7.5,0.0,1.0,1.0,1.0,1.0
2006,8,M,Nacional,1988,ECUADOR,GUAYAQUIL,TERCER NIVEL (PREGRADO),ICM01941,2006,2S,7.2,5.225,6.55,7.8,8.65,0.0,2.0,1.0,1.0,1.0
2006,12,F,Particular,1988,ECUADOR,GUAYAQUIL,TERCER NIVEL (PREGRADO),ICM01941,2006,1S,8.35,8.9,9.05,9.45,9.5,0.0,1.0,1.0,1.0,1.0
2006,11,M,Particular,1987,ECUADOR,GUAYAQUIL,TERCER NIVEL (PREGRADO),ICM01941,2006,1S,6.3,6.0,6.3,6.25,5.2,0.0,1.0,1.0,1.0,2.0
2006,15,F,Particular,1988,ECUADOR,GUAYAQUIL,TERCER NIVEL (PREGRADO),ICM00604,2006,1S,9.75,9.5,10.0,10.0,10.0,0.0,1.0,1.0,1.0,1.0
2006,12,M,Particular,1988,ECUADOR,GUAYAQUIL,TERCER NIVEL (PREGRADO),ICM01941,2006,2S,6.65,7.25,7.2,7.4,7.05,0.0,1.0,1.0,1.0,1.0
2006,11,M,Particular,1988,ECUADOR,GUAYAQUIL,TERCER NIVEL (PREGRADO),ICM01941,2006,1S,6.9,8.15,7.85,7.85,8.0,0.0,1.0,1.0,1.0,1.0
2006,10,M,Particular,1988,ECUADOR,GUAYAQUIL,TERCER NIVEL (PREGRADO),ICM00604,2006,2S,7.05,6.25,7.8,7.75,6.4,0.0,1.0,1.0,1.0,1.0
2006,9,F,Particular,1988,ECUADOR,GUAYAQUIL,TERCER NIVEL (PREGRADO),ICM01941,2006,1S,6.15,6.35,6.2,6.575,6.05,0.0,1.0,1.0,2.0,1.0
2006,3,F,Particular,1988,ECUADOR,DAULE,TERCER NIVEL (PREGRADO),ICM00604,2006,1S,6.95,6.65,8.05,8.15,7.3,0.0,1.0,1.0,1.0,1.0
2006,9,F,Particular,1989,ECUADOR,GUAYAQUIL,TERCER NIVEL (PREGRADO),ICM01941,2007,1S,6.5,6.9,6.7,6.0,8.5,0.0,1.0,1.0,1.0,1.0
2006,34,M,Particular,1988,ECUADOR,GUAYAQUIL,TERCER NIVEL (PREGRADO),ICM01941,2006,1S,7.7,6.75,7.15,6.7,9.05,0.0,1.0,1.0,1.0,1.0
2006,12,M,Particular,1987,ECUADOR,MACHALA,TERCER NIVEL (PREGRADO),ICM01941,2006,1S,7.35,5.875,7.05,6.75,7.2,0.0,2.0,1.0,2.0,1.0
2006,10,M,Particular,1987,ECUADOR,GUAYAQUIL,TERCER NIVEL (PREGRADO),ICM01941,2006,1S,5.050000000000001,5.875,6.35,6.7,7.8,1.0,2.0,1.0,1.0,1.0
2006,11,F,Particular,1989,ECUADOR,GUAYAQUIL,TERCER NIVEL (PREGRADO),ICM01941,2006,1S,8.4,8.4,8.9,8.7,7.7,0.0,1.0,1.0,1.0,1.0
2006,32,M,Particular,1988,ECUADOR,GUAYAQUIL,TERCER NIVEL (PREGRADO),ICM00604,2006,1S,10.0,8.0,9.75,9.75,10.0,0.0,1.0,1.0,1.0,1.0
2006,17,M,Particular,1988,ECUADOR,MACHALA,TERCER NIVEL (PREGRADO),ICM01941,2006,1S,6.1,6.0,6.3,6.45,8.6,0.0,1.0,1.0,1.0,1.0
2006,11,M,Nacional,1988,ECUADOR,GUAYAQUIL,TERCER NIVEL (PREGRADO),ICM01941,2006,1S,6.1,6.0,6.35,6.0,6.75,0.0,1.0,1.0,1.0,1.0
2006,10,F,Particular,1988,ECUADOR,GUAYAQUIL,TERCER NIVEL (PREGRADO),ICM01941,2006,1S,6.45,8.25,9.5,7.05,7.95,0.0,1.0,1.0,1.0,1.0
2006,6,F,Particular,1988,ECUADOR,GUAYAQUIL,TERCER NIVEL (PREGRADO),ICM01941,2006,1S,6.15,6.1,9.1,5.825,6.55,0.0,1.0,1.0,2.0,1.0
2006,13,M,Particular,1988,ECUADOR,MACHALA,TERCER NIVEL (PREGRADO),ICM01941,2006,1S,6.1,6.95,7.0,6.55,7.0,0.0,1.0,1.0,1.0,1.0
2006,12,M,Particular,1988,ECUADOR,GUAYAQUIL,TERCER NIVEL (PREGRADO),ICM01941,2006,1S,6.275,6.75,6.95,6.25,8.3,1.0,1.0,1.0,1.0,1.0
2006,3,M,Nacional,1988,ECUADOR,GUAYAQUIL,TERCER NIVEL (PREGRADO),ICM01941,2006,2S,8.5,7.7,10.0,9.45,8.9,0.0,1.0,1.0,1.0,1.0
2006,9,F,Fiscal,1988,ECUADOR,MONTECRISTI,TERCER NIVEL (PREGRADO),ICM01941,2006,2S,7.1,6.275,6.15,6.2,7.3,0.0,2.0,1.0,2.0,1.0
2006,7,M,Fiscal,1987,ECUADOR,YANTZAZA,TERCER NIVEL (PREGRADO),ICM01941,2006,1S,7.85,8.05,10.0,8.1,6.8,0.0,1.0,1.0,1.0,1.0
2006,25,M,Particular,1986,ECUADOR,GUAYAQUIL,TERCER NIVEL (PREGRADO),ICM01941,2006,1S,7.4,6.85,8.35,6.0,6.75,0.0,1.0,1.0,1.0,1.0
2006,6,M,Fisco-Misional,1988,ECUADOR,GUAYAQUIL,TERCER NIVEL (PREGRADO),ICM01941,2006,1S,6.0,5.975,9.0,6.05,5.875,0.0,2.0,1.0,1.0,2.0
2006,6,M,Fisco-Misional,1987,ECUADOR,GUAYAQUIL,TERCER NIVEL (PREGRADO),ICM01941,2006,1S,6.0,5.675000000000001,6.0,6.5,6.425,0.0,2.0,1.0,2.0,2.0
2006,10,M,Fiscal,1987,ECUADOR,GUAYAQUIL,TERCER NIVEL (PREGRADO),ICM01941,2006,1S,6.45,5.05,6.675,7.9,7.6,0.0,2.0,2.0,1.0,1.0
2006,3,M,Fiscal,1989,ECUADOR,GUAYAQUIL,TERCER NIVEL (PREGRADO),ICM01941,2006,1S,7.35,8.1,9.1,9.3,8.4,0.0,1.0,1.0,1.0,1.0
2006,3,M,Nacional,1988,ECUADOR,GUAYAQUIL,TERCER NIVEL (PREGRADO),ICM01941,2006,1S,6.8,7.4,7.3,6.35,8.3,0.0,1.0,1.0,1.0,1.0
2006,18,F,Particular,1988,ECUADOR,GUAYAQUIL,TERCER NIVEL (PREGRADO),ICM01941,2006,1S,7.4,7.1,8.45,7.95,6.6,0.0,1.0,1.0,1.0,1.0
2006,8,M,Particular,1989,ECUADOR,LA LIBERTAD,TERCER NIVEL (PREGRADO),ICM01941,2006,2S,6.95,6.0,6.5,6.45,7.9,0.0,1.0,1.0,1.0,1.0
2006,18,M,Particular,1987,ECUADOR,GUAYAQUIL,TERCER NIVEL (PREGRADO),ICM01941,2006,1S,7.35,7.25,8.3,7.3,8.3,0.0,1.0,1.0,1.0,1.0
2006,21,M,Particular,1988,ECUADOR,GUAYAQUIL,TERCER NIVEL (PREGRADO),ICM01941,2006,1S,6.1,7.55,8.35,6.2,7.55,0.0,1.0,1.0,1.0,1.0
2006,5,M,Nacional,1988,ECUADOR,GUAYAQUIL,TERCER NIVEL (PREGRADO),ICM01941,2006,1S,6.05,7.65,6.75,8.15,7.7,0.0,1.0,1.0,1.0,1.0
2006,7,F,Fiscal,1988,ECUADOR,GUAYAQUIL,TERCER NIVEL (PREGRADO),ICM01941,2006,2S,6.95,6.75,7.4,7.65,6.4,1.0,1.0,1.0,1.0,1.0
2006,15,M,Particular,1988,ECUADOR,GUAYAQUIL,TERCER NIVEL (PREGRADO),ICM01941,2006,1S,6.0,5.0,6.0,6.05,6.0,0.0,2.0,1.0,1.0,1.0
2006,23,M,Particular,1988,ECUADOR,GUAYAQUIL,TERCER NIVEL (PREGRADO),ICM01941,2006,1S,6.25,5.825,6.0,5.975,7.1,0.0,2.0,1.0,2.0,1.0
2006,28,F,Particular,1987,ECUADOR,GUAYAQUIL,TERCER NIVEL (PREGRADO),ICM01941,2006,1S,6.95,6.0,8.7,6.1,9.15,0.0,1.0,1.0,1.0,1.0
2006,17,M,Particular,1988,ECUADOR,MACHALA,TERCER NIVEL (PREGRADO),ICM01941,2006,1S,7.35,7.15,8.5,6.325,6.0,0.0,1.0,1.0,2.0,1.0
2006,4,M,Fisco-Misional,1988,ECUADOR,GUAYAQUIL,TERCER NIVEL (PREGRADO),ICM01941,2006,1S,6.05,7.45,7.8,7.6,8.85,0.0,1.0,1.0,1.0,1.0
2006,13,M,Particular,1988,ECUADOR,GUAYAQUIL,TERCER NIVEL (PREGRADO),ICM00604,2006,1S,6.0,6.05,6.85,7.55,6.9,0.0,1.0,1.0,1.0,1.0
2006,7,M,Nacional,1988,ECUADOR,GUAYAQUIL,TERCER NIVEL (PREGRADO),ICM01941,2006,2S,7.35,7.95,6.6,7.55,8.35,0.0,1.0,1.0,1.0,1.0
2006,15,M,Particular,1989,ECUADOR,GUAYAQUIL,TERCER NIVEL (PREGRADO),ICM01941,2006,1S,7.55,6.425000000000001,7.75,6.275,6.65,0.0,2.0,1.0,2.0,1.0
2006,15,F,Particular,1988,ECUADOR,GUAYAQUIL,TERCER NIVEL (PREGRADO),ICM01941,2006,1S,6.0,6.35,6.0,5.699999999999999,6.3,0.0,1.0,1.0,3.0,1.0
2006,13,M,Particular,1989,ECUADOR,GUAYAQUIL,TERCER NIVEL (PREGRADO),ICM01941,2007,1S,6.3,6.75,6.05,7.6,5.699999999999999,0.0,1.0,1.0,1.0,2.0
2006,24,M,Particular,1988,ECUADOR,GUAYAQUIL,TERCER NIVEL (PREGRADO),ICM01941,2006,1S,8.65,9.5,8.65,7.65,9.05,0.0,1.0,1.0,1.0,1.0
2006,10,F,Particular,1989,ECUADOR,GUAYAQUIL,TERCER NIVEL (PREGRADO),ICM01941,2006,1S,6.6,6.15,7.1,6.1,6.8,0.0,2.0,1.0,1.0,1.0
2006,9,M,Nacional,1989,ECUADOR,GUAYAQUIL,TERCER NIVEL (PREGRADO),ICM00604,2006,1S,6.0,7.65,6.8,6.7,6.275,0.0,1.0,1.0,1.0,2.0
2006,7,M,Nacional,1988,ECUADOR,GUAYAQUIL,TERCER NIVEL (PREGRADO),ICM01941,2006,1S,5.275,6.5,6.25,6.0,6.25,1.0,1.0,1.0,1.0,1.0
2006,13,M,Particular,1988,ECUADOR,PORTOVIEJO,TERCER NIVEL (PREGRADO),ICM01941,2006,1S,6.3,7.25,7.0,7.5,7.0,0.0,1.0,1.0,1.0,1.0
2006,13,M,Particular,1988,ECUADOR,PORTOVIEJO,TERCER NIVEL (PREGRADO),ICM01941,2006,1S,6.75,6.0,6.225,6.55,6.4,1.0,1.0,2.0,1.0,1.0
2006,17,F,Particular,1988,ECUADOR,GUAYAQUIL,TERCER NIVEL (PREGRADO),ICM01941,2006,1S,6.475,6.0,6.7,9.0,8.25,1.0,1.0,1.0,1.0,1.0
2006,14,F,Particular,1988,ECUADOR,GUAYAQUIL,TERCER NIVEL (PREGRADO),ICM01941,2006,1S,7.95,7.4,6.0,6.3,7.55,0.0,1.0,1.0,1.0,1.0
2006,15,M,Fisco-Misional,1988,ECUADOR,GUAYAQUIL,TERCER NIVEL (PREGRADO),ICM01941,2006,1S,6.25,6.0,6.75,6.1,6.75,0.0,1.0,1.0,1.0,1.0
2006,7,M,Particular,1984,ECUADOR,PORTOVIEJO,TERCER NIVEL (PREGRADO),ICM01941,2006,1S,6.2,6.85,8.05,7.15,7.7,0.0,1.0,1.0,1.0,1.0
2006,19,M,Particular,1988,ECUADOR,GUAYAQUIL,TERCER NIVEL (PREGRADO),ICM01941,2006,1S,7.55,6.3,6.6,7.3,7.15,0.0,1.0,1.0,1.0,1.0
2006,15,M,Particular,1988,ECUADOR,GUAYAQUIL,TERCER NIVEL (PREGRADO),ICM01941,2006,1S,6.0,5.7,7.5,6.05,6.45,0.0,2.0,1.0,1.0,1.0
2006,15,M,Particular,1988,ECUADOR,GUAYAQUIL,TERCER NIVEL (PREGRADO),ICM01941,2006,1S,7.25,3.9,6.9,6.0,6.0,0.0,2.0,1.0,1.0,1.0
2006,15,M,Particular,1988,ECUADOR,GUAYAQUIL,TERCER NIVEL (PREGRADO),ICM01941,2006,1S,8.45,7.95,8.65,8.5,8.35,0.0,1.0,1.0,1.0,1.0
2006,8,F,Particular,1988,ECUADOR,GUAYAQUIL,TERCER NIVEL (PREGRADO),ICM00604,2006,1S,6.5,6.6,7.25,7.35,6.1,0.0,1.0,1.0,1.0,2.0
2006,4,F,Particular,1988,ECUADOR,SANTO DOMINGO,TERCER NIVEL (PREGRADO),ICM00604,2006,1S,7.7,6.0,7.45,8.6,6.55,0.0,1.0,1.0,1.0,1.0
2006,11,M,Particular,1988,ECUADOR,GUAYAQUIL,TERCER NIVEL (PREGRADO),ICM00604,2006,1S,6.0,6.2,6.55,4.85,6.05,0.0,1.0,1.0,2.0,1.0
2006,9,M,Particular,1987,ECUADOR,GUAYAQUIL,TERCER NIVEL (PREGRADO),ICM01941,2006,1S,7.1,6.05,6.525,6.75,8.45,0.0,1.0,2.0,1.0,1.0
2006,4,M,Nacional,1988,ECUADOR,GUAYAQUIL,TERCER NIVEL (PREGRADO),ICM01941,2006,1S,6.7,6.55,6.150000000000001,5.35,6.9,0.0,1.0,3.0,2.0,1.0
2006,15,F,Particular,1988,ECUADOR,MACHALA,TERCER NIVEL (PREGRADO),ICM01941,2006,1S,7.3,9.3,9.4,8.7,6.9,0.0,1.0,1.0,1.0,1.0
2006,13,M,Particular,1988,ECUADOR,GUAYAQUIL,TERCER NIVEL (PREGRADO),ICM00604,2005,3S,6.2,6.95,9.45,7.3,7.85,0.0,1.0,1.0,1.0,1.0
2006,25,F,Particular,1988,ECUADOR,GUAYAQUIL,TERCER NIVEL (PREGRADO),ICM01941,2006,1S,7.5,7.2,6.1,6.25,6.65,0.0,1.0,1.0,2.0,1.0
2006,8,F,Particular,1988,ECUADOR,ESMERALDAS,TERCER NIVEL (PREGRADO),ICM01941,2006,1S,7.7,8.0,6.0,7.95,8.5,0.0,1.0,1.0,1.0,1.0
2006,17,M,Particular,1987,ECUADOR,PORTOVIEJO,TERCER NIVEL (PREGRADO),ICM00604,2005,3S,6.5,6.2,7.1,6.95,7.45,0.0,1.0,1.0,1.0,1.0
2006,15,M,Particular,1988,ECUADOR,CHONE,TERCER NIVEL (PREGRADO),ICM01941,2006,2S,6.65,7.8,8.05,8.1,8.35,0.0,1.0,1.0,1.0,1.0
2006,26,M,Particular,1987,ECUADOR,GUAYAQUIL,TERCER NIVEL (PREGRADO),ICM00604,2006,1S,7.95,6.85,8.7,6.7,7.5,0.0,1.0,1.0,1.0,1.0
2006,14,M,Particular,1988,ECUADOR,GUAYAQUIL,TERCER NIVEL (PREGRADO),ICM00604,2006,1S,6.15,7.65,9.65,7.75,6.05,1.0,1.0,1.0,1.0,1.0
2006,7,F,Instituto,1988,ECUADOR,PORTOVELO,TERCER NIVEL (PREGRADO),ICM01941,2006,1S,7.0,6.95,9.3,6.75,6.0,0.0,1.0,1.0,1.0,1.0
2006,11,M,Particular,1989,ECUADOR,GUAYAQUIL,TERCER NIVEL (PREGRADO),ICM00604,2007,1S,7.45,7.2,7.25,8.05,9.75,0.0,1.0,1.0,1.0,1.0
2006,3,M,Nacional,1988,ECUADOR,MACHALA,TERCER NIVEL (PREGRADO),ICM01941,2006,1S,6.9,7.8,6.05,7.35,7.8,0.0,1.0,1.0,1.0,1.0
2006,9,M,Instituto,1988,ECUADOR,ZARUMA,TERCER NIVEL (PREGRADO),ICM01941,2006,1S,6.15,7.05,7.75,6.95,6.25,0.0,1.0,1.0,1.0,1.0
2006,9,M,Particular,1989,ECUADOR,SALINAS,TERCER NIVEL (PREGRADO),ICM00604,2006,3S,6.3,6.4,6.0,7.9,7.1,0.0,1.0,1.0,1.0,1.0
2006,13,M,Particular,1989,ECUADOR,GUAYAQUIL,TERCER NIVEL (PREGRADO),ICM00604,2006,3S,8.7,9.2,7.6,9.9,9.1,0.0,1.0,1.0,1.0,1.0
2006,10,M,Particular,1988,ECUADOR,GUAYAQUIL,TERCER NIVEL (PREGRADO),ICM01941,2007,1S,6.0,7.1,8.45,6.3,7.5,0.0,1.0,1.0,1.0,1.0
2006,8,M,Particular,1989,ECUADOR,GUAYAQUIL,TERCER NIVEL (PREGRADO),ICM01941,2007,1S,7.25,9.05,8.0,9.05,6.05,0.0,1.0,1.0,1.0,1.0
2006,16,F,Particular,1988,ECUADOR,GUAYAQUIL,TERCER NIVEL (PREGRADO),ICM01941,2006,1S,6.4,6.5,7.95,6.275,6.1,0.0,1.0,1.0,2.0,1.0
2006,8,F,Particular,1988,ECUADOR,CUENCA,TERCER NIVEL (PREGRADO),ICM00604,2006,1S,6.45,6.7,7.95,6.0,6.55,0.0,1.0,1.0,1.0,1.0
2006,9,M,Particular,1989,ECUADOR,GUAYAQUIL,TERCER NIVEL (PREGRADO),ICM01941,2007,1S,6.1,7.3,7.9,8.1,6.75,0.0,1.0,1.0,1.0,1.0
2006,14,M,Particular,1989,ECUADOR,GUAYAQUIL,TERCER NIVEL (PREGRADO),ICM01941,2007,1S,7.0,6.2,6.075,8.2,6.15,0.0,1.0,2.0,1.0,1.0
2006,10,M,Particular,1988,ECUADOR,GUAYAQUIL,TERCER NIVEL (PREGRADO),ICM00604,2007,1S,8.75,8.3,8.5,8.0,9.75,0.0,1.0,1.0,1.0,1.0
2006,14,M,Particular,1988,ECUADOR,GUAYAQUIL,TERCER NIVEL (PREGRADO),ICM01941,2006,1S,7.75,6.3,6.0,6.0,5.583333333333333,0.0,1.0,1.0,1.0,3.0
2006,10,M,Particular,1988,ECUADOR,GUAYAQUIL,TERCER NIVEL (PREGRADO),ICM01941,2007,1S,7.3,7.1,9.05,7.05,8.35,0.0,1.0,1.0,1.0,1.0
2006,9,M,Particular,1989,ECUADOR,GUAYAQUIL,TERCER NIVEL (PREGRADO),ICM01941,2007,1S,6.7,8.2,7.55,7.7,6.1,0.0,1.0,1.0,1.0,1.0
2006,9,M,Particular,1988,ECUADOR,ZARUMA,TERCER NIVEL (PREGRADO),ICM01941,2006,3S,6.0,6.35,6.0,6.5,6.325,0.0,1.0,1.0,1.0,2.0
2006,17,M,Particular,1989,ECUADOR,GUAYAQUIL,TERCER NIVEL (PREGRADO),ICM01941,2007,1S,6.5,6.5,8.15,7.4,6.65,0.0,1.0,1.0,1.0,1.0
2006,8,F,Particular,1989,ECUADOR,ZARUMA,TERCER NIVEL (PREGRADO),ICM01941,2007,1S,8.5,8.1,7.15,6.65,7.1,0.0,1.0,1.0,1.0,1.0
2006,20,M,Particular,1989,ECUADOR,GUAYAQUIL,TERCER NIVEL (PREGRADO),ICM01941,2007,1S,6.7,6.65,7.3,6.0,6.55,0.0,1.0,1.0,1.0,1.0
2006,15,M,Particular,1988,ECUADOR,GUAYAQUIL,TERCER NIVEL (PREGRADO),ICM01941,2007,1S,8.25,8.0,8.75,6.1,7.5,0.0,1.0,1.0,1.0,1.0
2006,7,M,Fiscal,1988,ECUADOR,GUAYAQUIL,TERCER NIVEL (PREGRADO),ICM01941,2006,1S,5.916666666666667,6.025,6.05,5.2,6.45,2.0,2.0,1.0,2.0,1.0
2006,15,F,Particular,1989,ECUADOR,GUAYAQUIL,TERCER NIVEL (PREGRADO),ICM01941,2007,1S,6.0,6.5,6.35,6.95,6.25,0.0,1.0,1.0,1.0,1.0
2006,14,F,Particular,1988,ECUADOR,GUAYAQUIL,TERCER NIVEL (PREGRADO),ICM01941,2006,1S,6.4,6.875,5.775,6.45,6.45,0.0,2.0,2.0,1.0,1.0
2006,27,M,Particular,1989,ECUADOR,GUAYAQUIL,TERCER NIVEL (PREGRADO),ICM01941,2007,1S,6.55,6.0,7.75,7.5,7.1,0.0,1.0,1.0,1.0,1.0
2006,9,M,Nacional,1988,ECUADOR,STO.DOMINGO COLORADO,TERCER NIVEL (PREGRADO),ICM01941,2006,2S,6.35,7.15,8.1,7.35,6.75,0.0,1.0,1.0,1.0,1.0
2006,12,M,Particular,1988,ECUADOR,GUAYAQUIL,TERCER NIVEL (PREGRADO),ICM00604,2006,2S,7.25,8.5,8.15,8.75,7.3,0.0,1.0,1.0,1.0,1.0
2006,10,M,Fiscal,1988,ECUADOR,GUAYAQUIL,TERCER NIVEL (PREGRADO),ICM01941,2006,2S,6.3,7.4,8.1,7.6,7.85,0.0,1.0,1.0,1.0,1.0
2006,16,M,Particular,1988,ECUADOR,GUAYAQUIL,TERCER NIVEL (PREGRADO),ICM01941,2006,2S,6.7,6.4,7.85,6.7,6.8,0.0,1.0,1.0,1.0,1.0
2006,16,F,Particular,1989,ECUADOR,GUAYAQUIL,TERCER NIVEL (PREGRADO),ICM01941,2006,2S,6.7,8.15,7.9,9.75,10.0,0.0,1.0,1.0,1.0,1.0
2006,10,M,Particular,1989,ECUADOR,PALLATANGA,TERCER NIVEL (PREGRADO),ICM01941,2007,1S,5.925,6.65,7.6,6.5,6.8,1.0,1.0,1.0,1.0,1.0
2006,5,M,Nacional,1987,ECUADOR,GUAYAQUIL,TERCER NIVEL (PREGRADO),ICM01941,2006,2S,6.55,6.0,6.6,7.4,6.5,0.0,1.0,1.0,1.0,1.0
2006,12,M,Particular,1988,ECUADOR,PORTOVIEJO,TERCER NIVEL (PREGRADO),ICM01941,2006,2S,9.75,7.7,8.9,9.35,10.0,0.0,1.0,1.0,1.0,1.0
2006,8,M,Particular,1988,ECUADOR,GUAYAQUIL,TERCER NIVEL (PREGRADO),ICM00604,2006,2S,5.574999999999999,7.25,7.35,7.4,5.825,1.0,1.0,1.0,1.0,2.0
2006,9,M,Nacional,1988,ECUADOR,MILAGRO,TERCER NIVEL (PREGRADO),ICM00604,2006,2S,6.0,6.95,6.0,6.95,7.85,0.0,1.0,1.0,1.0,1.0
2006,9,F,Particular,1986,ECUADOR,GUAYAQUIL,TERCER NIVEL (PREGRADO),ICM01941,2006,2S,6.3,6.5,6.95,7.15,6.0,0.0,1.0,1.0,1.0,1.0
2006,9,M,Particular,1988,ECUADOR,MACHALA,TERCER NIVEL (PREGRADO),ICM01941,2007,1S,6.15,6.35,6.0,6.25,6.4,0.0,1.0,1.0,1.0,1.0
2006,11,F,Particular,1988,ECUADOR,GUAYAQUIL,TERCER NIVEL (PREGRADO),ICM01941,2006,2S,6.25,7.5,7.35,7.7,6.05,0.0,1.0,1.0,1.0,1.0
2006,11,M,Particular,1988,ECUADOR,GUAYAQUIL,TERCER NIVEL (PREGRADO),ICM01941,2006,2S,6.8,6.05,7.05,6.55,6.55,0.0,1.0,1.0,1.0,1.0
2006,9,M,Fiscal,1986,ECUADOR,QUITO,TERCER NIVEL (PREGRADO),ICM01941,2006,2S,8.4,7.7,8.5,7.65,6.8,0.0,1.0,1.0,1.0,1.0
2006,3,M,Nacional,1988,ECUADOR,QUITO,TERCER NIVEL (PREGRADO),ICM01941,2006,2S,8.65,8.4,9.7,8.3,8.6,0.0,1.0,1.0,1.0,1.0
2006,11,M,Particular,1988,ECUADOR,SALINAS,TERCER NIVEL (PREGRADO),ICM00604,2007,1S,6.15,5.2,6.2,7.4,6.75,0.0,2.0,1.0,1.0,2.0
2006,14,F,Particular,1988,ECUADOR,GUAYAQUIL,TERCER NIVEL (PREGRADO),ICM01941,2006,2S,7.05,6.75,7.45,7.05,6.6,0.0,1.0,1.0,1.0,1.0
2006,9,M,Nacional,1988,ECUADOR,SANTA ROSA,TERCER NIVEL (PREGRADO),ICM01941,2007,1S,7.9,8.4,8.9,7.8,8.8,0.0,1.0,1.0,1.0,1.0
2006,12,F,Particular,1990,ECUADOR,MACHALA,TERCER NIVEL (PREGRADO),ICM01941,2007,1S,6.15,7.75,7.2,6.5,9.25,0.0,1.0,1.0,1.0,1.0
2006,8,F,Fiscal,1989,ECUADOR,MILAGRO,TERCER NIVEL (PREGRADO),ICM01941,2007,1S,6.125,7.05,7.2,7.65,6.0,1.0,1.0,1.0,1.0,1.0
2006,9,M,Particular,1989,ECUADOR,MACHALA,TERCER NIVEL (PREGRADO),ICM01941,2007,1S,5.65,6.6,7.45,7.25,6.55,1.0,1.0,1.0,1.0,1.0
2006,12,M,Particular,1989,ECUADOR,GUAYAQUIL,TERCER NIVEL (PREGRADO),ICM01941,2007,1S,6.35,7.75,7.5,6.65,8.0,0.0,1.0,1.0,1.0,1.0
2006,20,M,Particular,1987,ECUADOR,QUITO,TERCER NIVEL (PREGRADO),ICM01941,2007,1S,6.25,6.175000000000001,6.55,6.8,5.725,0.0,2.0,1.0,1.0,2.0
2006,7,F,Particular,1989,ECUADOR,SALINAS,TERCER NIVEL (PREGRADO),ICM01941,2007,2S,6.0,8.85,6.95,8.2,6.0,0.0,1.0,1.0,1.0,1.0
2007,8,M,Particular,1989,ECUADOR,GUAYAQUIL,TERCER NIVEL (PREGRADO),ICM00604,2006,3S,7.95,9.1,9.25,9.05,8.75,0.0,1.0,1.0,1.0,1.0
2007,20,M,Particular,1989,ECUADOR,GUAYAQUIL,TERCER NIVEL (PREGRADO),ICM01941,2006,3S,7.9,7.65,7.6,9.5,8.55,0.0,1.0,1.0,1.0,1.0
2007,8,M,Particular,1988,ECUADOR,ALAUSI,TERCER NIVEL (PREGRADO),ICM00604,2007,1S,6.2,6.675,6.9,7.85,7.65,0.0,2.0,1.0,1.0,1.0
2007,14,F,Particular,1989,ECUADOR,GUAYAQUIL,TERCER NIVEL (PREGRADO),ICM01941,2007,1S,6.5,8.45,9.1,8.9,8.05,0.0,1.0,1.0,1.0,1.0
2007,21,F,Particular,1989,ECUADOR,GUAYAQUIL,TERCER NIVEL (PREGRADO),ICM01941,2007,1S,6.375,6.6,7.7,7.75,6.6,1.0,1.0,1.0,1.0,1.0
2007,24,F,Particular,1989,ECUADOR,GUAYAQUIL,TERCER NIVEL (PREGRADO),ICM01941,2007,1S,6.0,6.1,7.3,7.55,7.9,0.0,1.0,1.0,1.0,1.0
2007,16,M,Particular,1989,ECUADOR,PORTOVIEJO,TERCER NIVEL (PREGRADO),ICM01941,2007,1S,7.3,9.0,8.95,9.05,9.3,0.0,1.0,1.0,1.0,1.0
2007,9,M,Fiscal,1988,ECUADOR,QUEVEDO,TERCER NIVEL (PREGRADO),ICM01941,2007,1S,6.0,8.15,9.0,9.2,8.65,0.0,1.0,1.0,1.0,1.0
2007,6,F,Nacional,1989,ECUADOR,LOJA,TERCER NIVEL (PREGRADO),ICM01941,2007,1S,6.95,7.3,7.05,7.75,8.15,0.0,1.0,1.0,1.0,1.0
2007,27,M,Particular,1988,ECUADOR,GUAYAQUIL,TERCER NIVEL (PREGRADO),ICM01941,2007,1S,7.7,8.1,9.0,7.8,8.25,0.0,1.0,1.0,1.0,1.0
2007,9,M,Particular,1990,ECUADOR,GUAYAQUIL,TERCER NIVEL (PREGRADO),ICM00604,2006,3S,5.550000000000001,6.7,6.15,6.55,6.0,1.0,1.0,1.0,1.0,1.0
2007,5,M,Nacional,1989,ECUADOR,GUAYAQUIL,TERCER NIVEL (PREGRADO),ICM01941,2007,2S,6.2,7.15,7.75,7.2,7.05,0.0,1.0,1.0,1.0,1.0
2007,11,M,Particular,1989,ECUADOR,GUAYAQUIL,TERCER NIVEL (PREGRADO),ICM01941,2007,1S,6.85,8.3,7.2,6.15,6.15,0.0,1.0,1.0,1.0,1.0
2007,14,F,Particular,1989,ECUADOR,PORTOVIEJO,TERCER NIVEL (PREGRADO),ICM01941,2007,1S,8.35,8.6,9.55,9.2,8.85,0.0,1.0,1.0,1.0,1.0
2007,15,M,Particular,1989,ECUADOR,GUAYAQUIL,TERCER NIVEL (PREGRADO),ICM01941,2007,1S,6.125,7.05,7.6,7.2,6.8,1.0,1.0,1.0,1.0,1.0
2007,18,M,Particular,1988,ECUADOR,GUAYAQUIL,TERCER NIVEL (PREGRADO),ICM01941,2007,1S,7.1,6.45,8.65,8.6,7.6,0.0,1.0,1.0,1.0,1.0
2007,8,M,Particular,1990,ECUADOR,BABAHOYO,TERCER NIVEL (PREGRADO),ICM01941,2007,2S,6.15,7.85,7.9,7.7,6.4,0.0,1.0,1.0,1.0,1.0
2007,9,M,Particular,1989,ECUADOR,LA LIBERTAD,TERCER NIVEL (PREGRADO),ICM01941,2007,1S,6.05,6.8,6.05,6.05,6.05,1.0,1.0,1.0,1.0,1.0
2007,10,M,Particular,1989,ECUADOR,MANTA,TERCER NIVEL (PREGRADO),ICM01941,2007,1S,7.65,7.9,8.35,8.4,7.75,0.0,1.0,1.0,1.0,1.0
2007,8,M,Particular,1989,ECUADOR,GUAYAQUIL,TERCER NIVEL (PREGRADO),ICM00604,2007,1S,7.4,6.55,8.25,7.7,7.15,0.0,1.0,1.0,1.0,1.0
2007,12,F,Particular,1989,ECUADOR,AMBATO,TERCER NIVEL (PREGRADO),ICM00604,2007,1S,7.5,6.6,8.9,8.05,8.65,0.0,1.0,1.0,1.0,1.0
2007,8,M,Particular,1991,ECUADOR,PAJAN,TERCER NIVEL (PREGRADO),ICM01941,2007,1S,8.15,8.5,8.55,8.15,6.55,0.0,1.0,1.0,1.0,1.0
2007,23,F,Particular,1989,ECUADOR,GUAYAQUIL,TERCER NIVEL (PREGRADO),ICM01941,2007,1S,8.35,7.2,8.25,8.75,8.55,0.0,1.0,1.0,1.0,1.0
2007,10,M,Particular,1989,ECUADOR,GUAYAQUIL,TERCER NIVEL (PREGRADO),ICM01941,2007,1S,7.1,8.05,8.2,8.0,6.5,0.0,1.0,1.0,1.0,1.0
2007,15,M,Particular,1989,ECUADOR,MACHALA,TERCER NIVEL (PREGRADO),ICM01941,2007,1S,6.05,6.35,6.7,7.15,7.6,0.0,1.0,1.0,1.0,1.0
2007,8,M,Particular,1989,ECUADOR,GUAYAQUIL,TERCER NIVEL (PREGRADO),ICM01941,2007,1S,6.9,7.15,7.3,8.25,6.675000000000001,0.0,1.0,1.0,1.0,2.0
2007,10,M,Particular,1988,ECUADOR,GUAYAQUIL,TERCER NIVEL (PREGRADO),ICM00604,2007,1S,8.8,9.9,8.0,9.0,9.35,0.0,1.0,1.0,1.0,1.0
2007,7,M,Particular,1988,ECUADOR,ZARUMA,TERCER NIVEL (PREGRADO),ICM01941,2007,1S,6.3,8.3,7.9,8.4,9.45,0.0,1.0,1.0,1.0,1.0
2007,19,M,Particular,1988,ECUADOR,GUAYAQUIL,TERCER NIVEL (PREGRADO),ICM01941,2007,1S,6.4,6.05,6.6,6.75,6.1,0.0,1.0,1.0,1.0,1.0
2007,12,M,Particular,1988,ECUADOR,QUITO,TERCER NIVEL (PREGRADO),ICM01941,2007,1S,5.35,5.125,5.9,5.699999999999999,6.2,1.0,2.0,2.0,2.0,1.0
2007,9,M,Instituto,1989,ECUADOR,ZARUMA,TERCER NIVEL (PREGRADO),ICM01941,2007,1S,7.4,8.9,9.85,8.6,9.55,0.0,1.0,1.0,1.0,1.0
2007,9,M,Particular,1990,ECUADOR,GUAYAQUIL,TERCER NIVEL (PREGRADO),ICM01941,2007,1S,7.45,8.05,7.85,8.65,8.25,0.0,1.0,1.0,1.0,1.0
2007,17,M,Particular,1989,ECUADOR,GUAYAQUIL,TERCER NIVEL (PREGRADO),ICM01941,2007,2S,6.3,6.2,6.15,5.325,6.45,0.0,1.0,1.0,2.0,1.0
2007,17,M,Particular,1988,ECUADOR,GUAYAQUIL,TERCER NIVEL (PREGRADO),ICM00604,2007,1S,7.35,9.05,8.85,8.15,7.1,0.0,1.0,1.0,1.0,1.0
2007,11,M,Particular,1990,ECUADOR,GUAYAQUIL,TERCER NIVEL (PREGRADO),ICM01941,2007,1S,4.9,6.75,8.9,8.15,8.4,1.0,1.0,1.0,1.0,1.0
2007,13,M,Particular,1989,ECUADOR,GUAYAQUIL,TERCER NIVEL (PREGRADO),ICM01941,2007,1S,6.5,7.9,7.85,6.7,8.2,0.0,1.0,1.0,1.0,1.0
2007,17,M,Particular,1989,ECUADOR,GUAYAQUIL,TERCER NIVEL (PREGRADO),ICM01941,2007,1S,7.074999999999999,7.95,7.55,7.3,8.9,1.0,1.0,1.0,1.0,1.0
2007,16,M,Particular,1989,ECUADOR,GUAYAQUIL,TERCER NIVEL (PREGRADO),ICM01941,2007,1S,6.0,6.95,8.45,6.2,6.95,0.0,1.0,1.0,1.0,1.0
2007,13,M,Particular,1990,ECUADOR,MILAGRO,TERCER NIVEL (PREGRADO),ICM00604,2007,1S,8.85,7.55,8.75,9.15,8.7,0.0,1.0,1.0,1.0,1.0
2007,15,F,Particular,1988,ECUADOR,PORTOVIEJO,TERCER NIVEL (PREGRADO),ICM01941,2007,1S,6.8,7.7,8.45,7.4,7.25,0.0,1.0,1.0,1.0,1.0
2007,14,F,Particular,1989,ECUADOR,GUAYAQUIL,TERCER NIVEL (PREGRADO),ICM01941,2007,1S,7.6,8.25,8.35,8.45,7.45,0.0,1.0,1.0,1.0,1.0
2007,30,M,Particular,1989,ECUADOR,GUAYAQUIL,TERCER NIVEL (PREGRADO),ICM01941,2007,1S,8.55,8.4,8.0,7.8,6.0,0.0,1.0,1.0,1.0,2.0
2007,9,F,Particular,1989,ECUADOR,GUAYAQUIL,TERCER NIVEL (PREGRADO),ICM01941,2007,1S,8.85,8.3,8.4,9.1,9.35,0.0,1.0,1.0,1.0,1.0
2007,9,M,Nacional,1989,ECUADOR,MILAGRO,TERCER NIVEL (PREGRADO),ICM01941,2007,1S,7.65,8.85,8.5,8.6,9.15,0.0,1.0,1.0,1.0,1.0
2007,14,M,Particular,1989,ECUADOR,GUAYAQUIL,TERCER NIVEL (PREGRADO),ICM01941,2007,1S,6.25,6.65,6.05,6.0,5.800000000000001,0.0,1.0,1.0,1.0,2.0
2007,7,M,Particular,1989,ECUADOR,GUAYAQUIL,TERCER NIVEL (PREGRADO),ICM01941,2007,2S,6.65,6.45,6.35,7.3,5.55,0.0,1.0,1.0,1.0,2.0
2007,16,M,Particular,1989,ECUADOR,GUAYAQUIL,TERCER NIVEL (PREGRADO),ICM01941,2007,1S,6.25,6.4,7.65,6.5,6.5,0.0,1.0,1.0,1.0,1.0
2007,8,M,Particular,1989,ECUADOR,GUAYAQUIL,TERCER NIVEL (PREGRADO),ICM00604,2007,1S,6.3,6.35,6.15,6.95,7.7,0.0,1.0,1.0,1.0,1.0
2007,6,M,Fisco-Misional,1989,ECUADOR,GUAYAQUIL,TERCER NIVEL (PREGRADO),ICM01941,2007,1S,6.65,6.0,7.4,7.35,6.266666666666666,0.0,1.0,1.0,1.0,3.0
2007,7,F,Particular,1989,ECUADOR,GUAYAQUIL,TERCER NIVEL (PREGRADO),ICM01941,2007,1S,6.375,6.8,7.7,6.0,6.0,1.0,1.0,1.0,1.0,1.0
2007,10,F,Particular,1989,ECUADOR,GUAYAQUIL,TERCER NIVEL (PREGRADO),ICM01941,2007,1S,6.85,9.5,8.0,8.25,8.2,0.0,1.0,1.0,1.0,1.0
2007,6,M,Particular,1988,ECUADOR,GUAYAQUIL,TERCER NIVEL (PREGRADO),ICM01941,2007,1S,6.35,7.0,6.5,6.75,6.75,0.0,1.0,1.0,1.0,1.0
2007,29,F,Particular,1989,ECUADOR,LOJA,TERCER NIVEL (PREGRADO),ICM01941,2007,1S,6.4,7.9,6.525,6.45,7.75,0.0,1.0,2.0,1.0,1.0
2007,8,M,Particular,1989,ECUADOR,GUAYAQUIL,TERCER NIVEL (PREGRADO),ICM01941,2007,1S,6.65,7.0,5.8,7.25,6.65,0.0,1.0,2.0,1.0,1.0
2007,13,F,Fiscal,1990,ECUADOR,SAN LORENZO,TERCER NIVEL (PREGRADO),ICM01941,2007,2S,6.9,6.6,7.55,8.35,6.75,0.0,1.0,1.0,1.0,2.0
2007,19,F,Particular,1990,ECUADOR,GUAYAQUIL,TERCER NIVEL (PREGRADO),ICM01941,2007,1S,6.2,7.15,8.1,8.05,7.15,0.0,1.0,1.0,1.0,1.0
2007,15,M,Particular,1989,ECUADOR,GUAYAQUIL,TERCER NIVEL (PREGRADO),ICM00604,2007,1S,6.3,7.3,7.3,6.5,6.05,0.0,1.0,1.0,1.0,1.0
2007,13,M,Fisco-Misional,1989,ECUADOR,GUAYAQUIL,TERCER NIVEL (PREGRADO),ICM01941,2007,1S,7.0,6.25,6.35,6.1,6.6,0.0,1.0,1.0,1.0,1.0
2007,8,M,Instituto,1989,ECUADOR,ZARUMA,TERCER NIVEL (PREGRADO),ICM01941,2007,1S,8.9,8.9,8.65,8.4,9.6,0.0,1.0,1.0,1.0,1.0
2007,14,M,Particular,1990,ECUADOR,MANTA,TERCER NIVEL (PREGRADO),ICM01941,2007,1S,6.9,7.45,8.0,8.1,8.65,0.0,1.0,1.0,1.0,1.0
2007,12,M,Fiscal,1989,ECUADOR,PORTOVIEJO,TERCER NIVEL (PREGRADO),ICM01941,2007,2S,5.133333333333333,6.1,6.5,6.1,6.3,2.0,1.0,1.0,1.0,1.0
2007,29,M,Particular,1988,ECUADOR,GUAYAQUIL,TERCER NIVEL (PREGRADO),ICM01941,2007,1S,6.95,6.25,6.55,7.2,8.05,0.0,1.0,2.0,1.0,1.0
2007,15,M,Particular,1989,ECUADOR,PORTOVIEJO,TERCER NIVEL (PREGRADO),ICM01941,2007,1S,6.5,7.6,6.45,7.35,7.7,0.0,1.0,1.0,1.0,1.0
2007,10,M,Particular,1989,ECUADOR,GUAYAQUIL,TERCER NIVEL (PREGRADO),ICM00604,2008,1S,6.9,7.3,0.0,7.8,6.1,0.0,1.0,1.0,1.0,1.0
2007,7,F,Particular,1989,ECUADOR,GUAYAQUIL,TERCER NIVEL (PREGRADO),ICM01941,2007,1S,6.75,6.45,7.75,6.35,7.45,0.0,1.0,1.0,1.0,1.0
2007,12,M,Particular,1989,ECUADOR,DURAN,TERCER NIVEL (PREGRADO),ICM01941,2007,1S,7.2,7.5,9.1,6.6,7.2,0.0,1.0,1.0,1.0,1.0
2007,19,M,Particular,1989,ECUADOR,GUAYAQUIL,TERCER NIVEL (PREGRADO),ICM01941,2007,1S,7.95,9.55,8.15,9.25,7.3,0.0,1.0,1.0,1.0,1.0
2007,17,F,Particular,1989,ECUADOR,GUAYAQUIL,TERCER NIVEL (PREGRADO),ICM01941,2007,1S,5.825,6.05,5.949999999999999,6.55,6.4,1.0,1.0,2.0,1.0,1.0
2007,16,F,Particular,1989,ECUADOR,GUAYAQUIL,TERCER NIVEL (PREGRADO),ICM01941,2007,2S,6.4,7.7,7.6,7.25,6.65,0.0,1.0,1.0,1.0,1.0
2007,11,M,Particular,1989,ECUADOR,GUAYAQUIL,TERCER NIVEL (PREGRADO),ICM01941,2007,1S,6.5,7.2,8.0,7.55,8.1,0.0,1.0,1.0,1.0,1.0
2007,5,M,Nacional,1989,ECUADOR,GUAYAQUIL,TERCER NIVEL (PREGRADO),ICM01941,2007,2S,7.35,9.4,8.35,8.3,7.85,0.0,1.0,1.0,1.0,1.0
2007,12,F,Particular,1989,ECUADOR,GUAYAQUIL,TERCER NIVEL (PREGRADO),ICM01941,2007,1S,7.25,7.55,8.45,10.0,8.45,0.0,1.0,1.0,1.0,1.0
2007,18,M,Particular,1988,ECUADOR,GUAYAQUIL,TERCER NIVEL (PREGRADO),ICM01941,2007,1S,6.45,7.05,6.25,7.0,6.65,0.0,1.0,1.0,1.0,1.0
2007,8,M,Fiscal,1990,ECUADOR,QUEVEDO,TERCER NIVEL (PREGRADO),ICM01941,2007,2S,5.075,6.1,7.1,6.3,6.0,1.0,1.0,1.0,1.0,1.0
2007,32,M,Particular,1989,ECUADOR,GUAYAQUIL,TERCER NIVEL (PREGRADO),ICM01941,2007,1S,6.4,7.4,6.0,6.85,6.175000000000001,0.0,1.0,1.0,1.0,2.0
2007,23,M,Particular,1988,ECUADOR,QUITO,TERCER NIVEL (PREGRADO),ICM01941,2007,1S,6.0,6.6,6.3,7.05,6.95,0.0,1.0,1.0,1.0,1.0
2007,7,M,Particular,1990,ECUADOR,GUAYAQUIL,TERCER NIVEL (PREGRADO),ICM00604,2007,1S,6.0,6.75,8.05,6.25,6.666666666666667,0.0,1.0,1.0,1.0,3.0
2007,15,M,Particular,1989,ECUADOR,PORTOVIEJO,TERCER NIVEL (PREGRADO),ICM01941,2007,1S,6.050000000000001,7.2,6.65,7.0,7.4,1.0,1.0,1.0,1.0,1.0
2007,6,F,Nacional,1989,ECUADOR,GUAYAQUIL,TERCER NIVEL (PREGRADO),ICM01941,2007,1S,8.0,7.85,7.3,8.15,8.05,0.0,1.0,1.0,1.0,1.0
2007,9,M,Particular,1989,ECUADOR,GUAYAQUIL,TERCER NIVEL (PREGRADO),ICM01941,2007,1S,6.675000000000001,7.9,7.3,6.75,7.2,1.0,1.0,1.0,1.0,1.0
2007,8,M,Particular,1989,ECUADOR,GUAYAQUIL,TERCER NIVEL (PREGRADO),ICM01941,2007,1S,6.35,7.95,6.35,6.55,7.5,0.0,1.0,1.0,1.0,1.0
2007,11,M,Particular,1988,ECUADOR,SANTA ROSA,TERCER NIVEL (PREGRADO),ICM01941,2007,1S,6.0,5.625,7.05,6.5,5.925,0.0,2.0,1.0,1.0,2.0
2007,12,M,Particular,1989,ECUADOR,GUAYAQUIL,TERCER NIVEL (PREGRADO),ICM00604,2007,1S,6.55,7.55,8.2,8.55,7.55,0.0,1.0,1.0,1.0,1.0
2007,28,M,Particular,1988,ECUADOR,GUAYAQUIL,TERCER NIVEL (PREGRADO),ICM01941,2007,1S,7.75,7.75,6.4,8.7,9.25,0.0,1.0,1.0,1.0,1.0
2007,13,M,Particular,1990,ECUADOR,BABAHOYO,TERCER NIVEL (PREGRADO),ICM01941,2007,1S,7.4,7.9,8.1,6.95,7.4,0.0,1.0,1.0,1.0,1.0
2007,34,M,Particular,1989,ECUADOR,GUAYAQUIL,TERCER NIVEL (PREGRADO),ICM01941,2007,1S,6.75,6.15,6.9,6.95,6.8,0.0,1.0,1.0,2.0,1.0
2007,7,M,Nacional,1990,ECUADOR,GUAYAQUIL,TERCER NIVEL (PREGRADO),ICM01941,2007,1S,6.375,6.55,6.85,6.25,6.625,1.0,1.0,1.0,1.0,2.0
2007,10,M,Particular,1989,ECUADOR,GUAYAQUIL,TERCER NIVEL (PREGRADO),ICM01941,2007,1S,8.2,7.45,7.2,7.1,7.75,0.0,1.0,1.0,1.0,1.0
2007,19,F,Particular,1989,ECUADOR,GUAYAQUIL,TERCER NIVEL (PREGRADO),ICM01941,2007,1S,6.6,7.7,8.05,7.15,7.55,0.0,1.0,1.0,1.0,1.0
2007,11,F,Particular,1990,ECUADOR,GUAYAQUIL,TERCER NIVEL (PREGRADO),ICM01941,2007,1S,7.75,8.25,8.5,7.9,7.5,0.0,1.0,1.0,1.0,1.0
2007,13,M,Particular,1989,ECUADOR,GUAYAQUIL,TERCER NIVEL (PREGRADO),ICM01941,2007,1S,6.8,6.8,7.25,7.0,6.6,0.0,1.0,1.0,1.0,1.0
2007,5,M,Particular,1989,ECUADOR,PORTOVIEJO,TERCER NIVEL (PREGRADO),ICM01941,2007,1S,5.0,8.7,7.05,6.6,6.55,2.0,1.0,1.0,1.0,1.0
2007,6,F,Nacional,1989,ECUADOR,GUAYAQUIL,TERCER NIVEL (PREGRADO),ICM00604,2007,1S,7.35,7.55,7.4,8.75,8.05,0.0,1.0,1.0,1.0,1.0
2007,12,F,Particular,1989,ECUADOR,SANTA ROSA,TERCER NIVEL (PREGRADO),ICM01941,2007,1S,7.3,6.475,7.1,6.35,6.4,0.0,2.0,1.0,1.0,1.0
2007,9,F,Particular,1989,ECUADOR,GUAYAQUIL,TERCER NIVEL (PREGRADO),ICM00604,2007,1S,6.05,5.7,5.8,6.55,5.5,0.0,2.0,2.0,1.0,2.0
2007,9,M,Nacional,1989,ECUADOR,MILAGRO,TERCER NIVEL (PREGRADO),ICM01941,2007,1S,6.9,6.25,6.8,7.025,5.55,0.0,1.0,1.0,2.0,2.0
2007,6,M,Nacional,1988,ECUADOR,VINCES,TERCER NIVEL (PREGRADO),ICM01941,2007,1S,6.175000000000001,6.25,6.3,8.25,7.5,1.0,1.0,1.0,1.0,1.0
2007,16,M,Particular,1989,ECUADOR,GUAYAQUIL,TERCER NIVEL (PREGRADO),ICM00604,2007,1S,8.8,9.2,8.15,9.15,7.85,0.0,1.0,1.0,1.0,1.0
2007,11,F,Particular,1988,ECUADOR,GUAYAQUIL,TERCER NIVEL (PREGRADO),ICM00604,2008,1S,6.65,6.0,0.0,6.5,6.0,0.0,1.0,1.0,1.0,1.0
2007,10,M,Particular,1989,ECUADOR,MILAGRO,TERCER NIVEL (PREGRADO),ICM01941,2007,2S,6.2,7.0,6.65,8.5,6.55,0.0,1.0,1.0,1.0,1.0
2007,13,M,Particular,1989,ECUADOR,MACHALA,TERCER NIVEL (PREGRADO),ICM01941,2007,2S,6.95,9.55,9.2,8.0,7.55,0.0,1.0,1.0,1.0,1.0
2007,11,M,Particular,1987,ECUADOR,GUAYAQUIL,TERCER NIVEL (PREGRADO),ICM01941,2007,2S,7.45,7.7,6.1,8.1,6.55,0.0,1.0,1.0,1.0,1.0
2007,11,M,Particular,1988,ECUADOR,GUAYAQUIL,TERCER NIVEL (PREGRADO),ICM01941,2007,2S,7.3,8.25,7.5,6.15,6.9,0.0,1.0,1.0,1.0,1.0
2007,10,M,Particular,1991,ECUADOR,GUAYAQUIL,TERCER NIVEL (PREGRADO),ICM00604,2008,1S,7.45,9.0,8.7,8.2,6.55,0.0,1.0,1.0,1.0,1.0
2007,5,M,Instituto,1989,ECUADOR,GUAYAQUIL,TERCER NIVEL (PREGRADO),ICM00604,2008,1S,6.4,7.25,6.9,8.85,7.9,0.0,1.0,2.0,1.0,1.0
2007,12,M,Particular,1990,ECUADOR,GUAYAQUIL,TERCER NIVEL (PREGRADO),ICM00604,2008,1S,8.55,7.5,7.0,9.0,8.65,0.0,1.0,1.0,1.0,1.0
2007,10,M,Particular,1986,ECUADOR,PORTOVIEJO,TERCER NIVEL (PREGRADO),ICM00604,2007,1S,5.35,0.0,0.0,6.55,0.0,1.0,1.0,1.0,1.0,1.0
2007,13,M,Particular,1976,ECUADOR,GUAYAQUIL,TERCER NIVEL (PREGRADO),ICM00166,2007,2S,0.0,8.4,0.0,0.0,8.0,0.0,1.0,1.0,1.0,1.0
2008,14,M,Particular,1989,ECUADOR,GUAYAQUIL,TERCER NIVEL (PREGRADO),ICM00604,2008,1S,6.25,7.85,7.3,7.1,7.4,0.0,1.0,1.0,1.0,1.0
2008,8,M,Fiscal,1991,ECUADOR,PORTOVIEJO,TERCER NIVEL (PREGRADO),ICM01941,2008,1S,7.9,7.45,8.15,8.75,8.85,0.0,1.0,1.0,1.0,1.0
2008,8,F,Fiscal,1990,ECUADOR,LOJA,TERCER NIVEL (PREGRADO),ICM01941,2008,1S,5.5,6.4,8.1,6.1,7.5,1.0,1.0,1.0,1.0,1.0
